iteracion,valor_coste
0,148.57767902403782
1,148.57767902403782
2,148.57767902403782
3,148.57767902403782
4,143.9874701650976
5,134.2266894301437
6,134.2266894301437
7,134.2266894301437
8,134.2266894301437
9,128.8309911499357
10,118.47560036435449
11,118.47560036435449
12,118.47560036435449
13,118.47560036435449
14,118.47560036435448
15,118.47560036435448
16,118.47560036435448
17,118.47560036435448
18,118.47560036435448
19,116.3597738427907
20,116.3597738427907
21,116.3597738427907
22,116.3597738427907
23,116.3597738427907
24,116.3597738427907
25,116.3597738427907
26,116.3597738427907
27,116.3597738427907
28,115.71967342168288
29,115.71967342168288
30,115.71967342168287
31,115.71967342168287
32,115.71967342168287
33,115.71967342168287
34,115.71967342168287
35,115.71967342168287
36,108.95954357751882
37,108.95954357751882
38,108.95954357751882
39,108.95954357751882
40,108.95954357751882
41,108.95954357751882
42,108.95954357751882
43,108.95954357751882
44,108.95954357751882
45,108.95954357751882
46,108.95954357751882
47,108.95954357751882
48,108.95954357751882
49,108.95954357751882
50,108.95954357751879
51,108.95954357751879
52,108.95954357751879
53,108.95954357751879
54,108.95954357751879
55,108.95954357751879
56,108.95954357751879
57,108.95954357751879
58,108.95954357751879
59,108.95954357751879
60,108.95954357751879
61,108.95954357751879
62,107.39470457181497
63,107.39470457181497
64,107.39470457181497
65,107.39470457181497
66,107.39470457181497
67,107.39470457181497
68,107.39470457181497
69,107.39470457181497
70,107.39470457181496
71,107.39470457181496
72,107.39470457181496
73,107.39470457181496
74,107.39470457181496
75,107.39470457181496
76,107.39470457181496
77,107.39470457181496
78,107.39470457181496
79,107.39470457181496
80,107.39470457181496
81,107.39470457181496
82,107.39470457181496
83,107.39470457181496
84,107.39470457181496
85,107.39470457181496
86,107.39470457181496
87,107.39470457181496
88,107.39470457181496
89,107.39470457181496
90,107.39470457181496
91,107.39470457181496
92,107.39470457181496
93,107.39470457181496
94,107.39470457181496
95,107.39470457181496
96,107.39470457181496
97,107.39470457181496
98,107.39470457181496
99,107.39470457181496
100,107.39470457181496
101,107.39470457181496
102,107.39470457181496
103,107.39470457181496
104,107.39470457181496
105,107.39470457181496
106,107.39470457181496
107,107.39470457181496
108,107.39470457181496
109,107.39470457181496
110,107.39470457181496
111,107.39470457181496
112,107.39470457181496
113,107.39470457181496
114,107.39470457181496
115,107.39470457181496
116,107.39470457181496
117,107.39470457181496
118,105.25015039487587
119,105.25015039487587
120,105.25015039487585
121,105.25015039487585
122,105.25015039487585
123,105.25015039487585
124,105.25015039487585
125,105.25015039487585
126,105.25015039487585
127,105.25015039487585
128,105.25015039487585
129,105.25015039487585
130,105.25015039487585
131,105.25015039487585
132,105.25015039487585
133,105.25015039487585
134,105.25015039487585
135,105.25015039487585
136,105.25015039487585
137,105.25015039487585
138,105.25015039487585
139,105.25015039487585
140,105.25015039487585
141,105.25015039487585
142,105.25015039487585
143,105.25015039487585
144,105.25015039487585
145,105.25015039487585
146,105.25015039487585
147,105.25015039487585
148,105.25015039487585
149,105.25015039487585
150,105.25015039487585
151,105.25015039487585
152,105.25015039487585
153,105.25015039487585
154,105.25015039487585
155,105.25015039487585
156,105.25015039487585
157,105.25015039487585
158,105.25015039487585
159,105.25015039487585
160,105.25015039487585
161,105.25015039487585
162,105.25015039487585
163,105.25015039487585
164,105.25015039487585
165,105.25015039487585
166,105.25015039487585
167,105.25015039487585
168,105.25015039487585
169,105.25015039487585
170,105.25015039487585
171,105.25015039487585
172,105.25015039487585
173,105.25015039487585
174,105.25015039487585
175,105.25015039487585
176,105.25015039487585
177,105.25015039487585
178,105.25015039487585
179,105.25015039487585
180,105.25015039487585
181,105.25015039487585
182,105.25015039487585
183,105.25015039487585
184,105.25015039487585
185,105.25015039487585
186,105.25015039487585
187,105.25015039487585
188,105.25015039487585
189,105.25015039487585
190,105.25015039487585
191,105.25015039487585
192,105.25015039487585
193,105.25015039487585
194,105.25015039487585
195,105.25015039487585
196,105.25015039487585
197,105.25015039487585
198,105.25015039487585
199,105.25015039487585
200,105.25015039487585
201,105.25015039487585
202,105.25015039487585
203,105.25015039487585
204,105.25015039487585
205,105.25015039487585
206,105.25015039487585
207,105.25015039487585
208,105.25015039487585
209,105.25015039487585
210,105.25015039487585
211,105.25015039487585
212,105.25015039487585
213,105.25015039487585
214,105.25015039487585
215,105.25015039487585
216,105.25015039487585
217,104.69466500777384
218,104.69466500777384
219,104.69466500777384
220,104.69466500777384
221,104.69466500777384
222,103.71086122101303
223,103.71086122101303
224,103.71086122101303
225,103.71086122101303
226,103.71086122101303
227,103.71086122101303
228,103.71086122101303
229,103.71086122101303
230,103.71086122101303
231,103.71086122101303
232,103.71086122101303
233,103.71086122101303
234,103.71086122101303
235,103.71086122101303
236,103.710861221013
237,103.710861221013
238,103.710861221013
239,103.71086122101299
240,103.71086122101299
241,103.71038165713296
242,103.71038165713296
243,103.71038165713296
244,103.71038165713296
245,103.71038165713296
246,103.71038165713296
247,103.71038165713296
248,103.71038165713296
249,103.71038165713296
250,103.71038165713296
251,103.71038165713296
252,103.71038165713296
253,103.71038165713296
254,103.71038165713296
255,103.71038165713296
256,103.71038165713296
257,103.71038165713296
258,103.71038165713296
259,103.71038165713296
260,103.71038165713296
261,103.71038165713296
262,103.71038165713296
263,103.71038165713296
264,103.71038165713296
265,103.71038165713296
266,103.71038165713296
267,103.71038165713296
268,103.71038165713296
269,103.71038165713296
270,103.71038165713296
271,102.92178247323542
272,102.92178247323541
273,102.92178247323541
274,102.92178247323541
275,102.92178247323541
276,102.92178247323541
277,102.92178247323541
278,102.92178247323541
279,102.92178247323541
280,102.92178247323541
281,102.92178247323541
282,102.92178247323541
283,102.92178247323541
284,102.92178247323541
285,102.92178247323541
286,102.92178247323541
287,102.92178247323541
288,102.92178247323541
289,102.92178247323541
290,102.92178247323541
291,102.92178247323541
292,102.92178247323541
293,102.92178247323541
294,102.92178247323541
295,102.92178247323541
296,102.92178247323541
297,102.92178247323541
298,102.92178247323541
299,102.92178247323541
300,102.92178247323541
301,102.92178247323541
302,102.92178247323541
303,102.92178247323541
304,102.92178247323541
305,102.92178247323541
306,102.92178247323541
307,102.92178247323541
308,102.92178247323541
309,102.9217824732354
310,102.9217824732354
311,102.9217824732354
312,102.9217824732354
313,102.9217824732354
314,102.9217824732354
315,102.9217824732354
316,102.9217824732354
317,102.9217824732354
318,102.9217824732354
319,102.9217824732354
320,102.9217824732354
321,102.9217824732354
322,102.9217824732354
323,102.9217824732354
324,102.9217824732354
325,102.9217824732354
326,102.9217824732354
327,102.9217824732354
328,102.9217824732354
329,102.9217824732354
330,102.9217824732354
331,102.9217824732354
332,102.9217824732354
333,102.9217824732354
334,102.9217824732354
335,102.9217824732354
336,102.9217824732354
337,102.9217824732354
338,102.9217824732354
339,102.9217824732354
340,102.9217824732354
341,102.9217824732354
342,102.9217824732354
343,102.9217824732354
344,102.9217824732354
345,102.9217824732354
346,102.9217824732354
347,102.9217824732354
348,102.9217824732354
349,102.9217824732354
350,102.9217824732354
351,102.9217824732354
352,102.9217824732354
353,102.9217824732354
354,102.9217824732354
355,102.9217824732354
356,102.9217824732354
357,102.9217824732354
358,102.9217824732354
359,102.9217824732354
360,102.92178247323538
361,102.92178247323538
362,102.92178247323538
363,102.92178247323538
364,102.92178247323538
365,102.92178247323538
366,102.92178247323538
367,102.9057766191272
368,102.9057766191272
369,102.9057766191272
370,102.9057766191272
371,102.9057766191272
372,102.9057766191272
373,102.9057766191272
374,102.9057766191272
375,102.9057766191272
376,102.9057766191272
377,102.9057766191272
378,102.9057766191272
379,102.90577661912718
380,102.90577661912718
381,102.90577661912718
382,102.90577661912718
383,102.90577661912718
384,102.90577661912718
385,102.90577661912718
386,102.90577661912718
387,102.90577661912718
388,102.90577661912718
389,102.90577661912718
390,102.90577661912718
391,102.90577661912718
392,102.90577661912718
393,102.90577661912718
394,102.90577661912718
395,102.90577661912718
396,102.90577661912718
397,102.90577661912718
398,102.90577661912718
399,102.90577661912718
400,102.90577661912718
401,102.90577661912718
402,102.90577661912718
403,102.90577661912718
404,102.90577661912718
405,102.90577661912718
406,102.90577661912718
407,102.90577661912718
408,102.90577661912718
409,102.90577661912718
410,102.90577661912718
411,102.90577661912718
412,102.90577661912718
413,102.90577661912718
414,102.90577661912718
415,102.90577661912718
416,102.90577661912718
417,102.90577661912718
418,102.90577661912718
419,102.90577661912718
420,102.90577661912718
421,102.90577661912718
422,102.90577661912718
423,102.90577661912718
424,102.90577661912718
425,102.90577661912718
426,102.90577661912718
427,102.90577661912718
428,102.90577661912718
429,102.90577661912718
430,102.90577661912718
431,102.90577661912718
432,102.90577661912718
433,102.90577661912718
434,102.90577661912718
435,102.90577661912718
436,102.90577661912718
437,102.90577661912718
438,102.90577661912718
439,102.90577661912718
440,102.90577661912718
441,102.90577661912718
442,102.90577661912718
443,102.90577661912718
444,102.90577661912718
445,102.90577661912718
446,102.90577661912718
447,102.90577661912718
448,102.90577661912718
449,102.90577661912718
450,102.90577661912718
451,102.90577661912718
452,102.90577661912718
453,102.90577661912718
454,102.90577661912718
455,102.90577661912718
456,102.90577661912718
457,102.90577661912718
458,102.90577661912718
459,102.90577661912718
460,102.90577661912718
461,102.90577661912718
462,102.90577661912718
463,102.90577661912718
464,102.90577661912718
465,102.90577661912718
466,102.90577661912718
467,102.90577661912718
468,102.90577661912718
469,102.90577661912718
470,102.90577661912718
471,102.90577661912718
472,102.90577661912718
473,102.90577661912718
474,102.90577661912718
475,102.90577661912718
476,102.90577661912718
477,102.90577661912718
478,102.90577661912718
479,102.90577661912718
480,102.90577661912718
481,102.90577661912718
482,102.90577661912718
483,102.90577661912718
484,102.90577661912718
485,102.90577661912718
486,102.90577661912718
487,102.90577661912718
488,102.90577661912718
489,102.90577661912718
490,102.90577661912718
491,102.90577661912718
492,102.90577661912718
493,102.90577661912718
494,102.90577661912718
495,102.90577661912718
496,102.90577661912718
497,102.90577661912718
498,102.90577661912718
499,102.90577661912718
500,102.90577661912718
501,102.90577661912718
502,102.90577661912718
503,102.90577661912718
504,102.90577661912718
505,102.90577661912718
506,102.90577661912718
507,102.90577661912718
508,102.90577661912718
509,102.90577661912718
510,102.90577661912718
511,102.90577661912715
512,102.90577661912715
513,102.90577661912715
514,102.90577661912715
515,102.90577661912715
516,102.90577661912715
517,102.90577661912715
518,102.90577661912715
519,102.90577661912715
520,102.90577661912715
521,102.90577661912715
522,102.90577661912715
523,102.90577661912715
524,102.90577661912715
525,102.90577661912715
526,102.90577661912715
527,102.90577661912715
528,102.90577661912715
529,102.90577661912715
530,102.90577661912715
531,102.90577661912715
532,102.90577661912715
533,102.90577661912715
534,102.90577661912715
535,102.90577661912715
536,102.90577661912715
537,102.90577661912715
538,102.90577661912715
539,102.90577661912715
540,102.90577661912715
541,102.90577661912715
542,102.90577661912715
543,102.90577661912715
544,102.90577661912715
545,102.90577661912715
546,102.90577661912715
547,102.90577661912715
548,102.90577661912715
549,102.90577661912715
550,102.90577661912715
551,102.60149919862057
552,102.60149919862057
553,102.60149919862057
554,102.60149919862057
555,102.60149919862057
556,102.60149919862057
557,102.60149919862057
558,102.60149919862057
559,102.60149919862057
560,102.60149919862057
561,102.60149919862057
562,102.60149919862057
563,102.60149919862057
564,102.60149919862057
565,102.60149919862057
566,102.60149919862057
567,102.60149919862057
568,102.60149919862057
569,102.60149919862057
570,102.60149919862057
571,102.60149919862057
572,102.60149919862057
573,102.60149919862057
574,102.60149919862057
575,102.60149919862057
576,102.60149919862056
577,102.60149919862056
578,102.60149919862056
579,102.59936876201259
580,102.59936876201259
581,102.59936876201259
582,102.59936876201259
583,102.59936876201259
584,102.59936876201259
585,102.59936876201259
586,102.59936876201259
587,102.59936876201259
588,102.59936876201259
589,102.59936876201259
590,102.59936876201259
591,102.59936876201259
592,102.59936876201259
593,102.59936876201259
594,102.59936876201257
595,102.59936876201257
596,102.59936876201257
597,102.59936876201257
598,102.59936876201257
599,102.59936876201257
600,102.59936876201257
601,102.59936876201257
602,102.59936876201257
603,102.59936876201257
604,102.59936876201257
605,102.59936876201257
606,102.59936876201257
607,102.59936876201257
608,102.59936876201257
609,102.59936876201257
610,102.59936876201257
611,102.59936876201257
612,102.59936876201257
613,102.59936876201257
614,102.59936876201257
615,102.59936876201257
616,102.59936876201257
617,102.59936876201257
618,102.59936876201257
619,102.59936876201257
620,102.59936876201257
621,102.59936876201257
622,102.59936876201257
623,102.59936876201257
624,102.59936876201257
625,102.59936876201257
626,102.59936876201257
627,102.59936876201257
628,102.59936876201256
629,102.59936876201256
630,102.59936876201256
631,102.59936876201256
632,102.59936876201256
633,102.59936876201256
634,102.59936876201256
635,102.59936876201256
636,102.59936876201256
637,102.59936876201256
638,102.59936876201256
639,102.59936876201256
640,102.59936876201256
641,102.59936876201256
642,102.59936876201256
643,102.59936876201256
644,102.59936876201256
645,102.59936876201256
646,102.59936876201256
647,102.59936876201256
648,102.59936876201256
649,102.59936876201256
650,102.59936876201256
651,102.59936876201256
652,102.59936876201256
653,102.59936876201256
654,102.59936876201256
655,102.59936876201256
656,102.59936876201256
657,102.59936876201256
658,102.59936876201256
659,102.59936876201256
660,102.59936876201256
661,102.59936876201256
662,102.59936876201256
663,102.59936876201256
664,102.59936876201256
665,102.59936876201256
666,102.59936876201256
667,102.59936876201256
668,102.59936876201256
669,102.59936876201256
670,102.59936876201256
671,102.59936876201256
672,102.59936876201256
673,102.59936876201256
674,102.59936876201256
675,102.59936876201256
676,102.59936876201256
677,102.59936876201256
678,102.59936876201256
679,102.59936876201256
680,102.59936876201256
681,102.59936876201256
682,102.59936876201256
683,102.59936876201256
684,102.59936876201256
685,102.59936876201256
686,102.59936876201256
687,102.59936876201256
688,102.59936876201256
689,102.59936876201256
690,102.59936876201256
691,102.59936876201256
692,102.59936876201256
693,102.59936876201256
694,102.59936876201256
695,102.59936876201256
696,102.59936876201256
697,102.59936876201256
698,102.59936876201256
699,102.59936876201256
700,102.59936876201256
701,102.59936876201256
702,102.59936876201256
703,102.5011162682741
704,102.5011162682741
705,102.5011162682741
706,102.5011162682741
707,102.50111626827406
708,102.50111626827406
709,102.50111626827406
710,102.50111626827406
711,102.50111626827406
712,102.50111626827406
713,102.50111626827406
714,102.50111626827406
715,102.50111626827406
716,102.50111626827406
717,102.50111626827406
718,102.50111626827406
719,102.50111626827406
720,102.50111626827406
721,102.50111626827406
722,102.50111626827406
723,102.50111626827406
724,102.50111626827406
725,102.50111626827406
726,102.50111626827406
727,102.50111626827406
728,102.50111626827406
729,102.50111626827406
730,102.50111626827406
731,102.50111626827406
732,102.50111626827406
733,102.50111626827406
734,102.50111626827406
735,102.50111626827406
736,102.50111626827406
737,102.50111626827406
738,102.50111626827406
739,102.50111626827406
740,102.50111626827406
741,102.50111626827406
742,102.50111626827406
743,102.50111626827406
744,102.50111626827406
745,102.50111626827406
746,102.50111626827406
747,102.50111626827406
748,102.50111626827406
749,102.50111626827406
750,102.50111626827406
751,102.50111626827406
752,102.50111626827406
753,102.50111626827406
754,102.50111626827406
755,102.50111626827406
756,102.50111626827406
757,102.50111626827406
758,102.50111626827406
759,102.50111626827406
760,102.50111626827406
761,102.50111626827406
762,102.50111626827406
763,102.50111626827406
764,102.50111626827406
765,102.50111626827406
766,102.50111626827406
767,102.50111626827406
768,102.50111626827406
769,102.50111626827406
770,102.50111626827406
771,102.50111626827406
772,102.50111626827406
773,102.50111626827406
774,102.50111626827406
775,102.50111626827406
776,102.50111626827406
777,102.50111626827406
778,102.50111626827406
779,102.50111626827406
780,102.50111626827406
781,102.50111626827406
782,102.50111626827406
783,102.50111626827406
784,102.50111626827406
785,102.50111626827406
786,102.50111626827406
787,102.50111626827406
788,102.50111626827406
789,102.50111626827406
790,102.50111626827406
791,102.50111626827406
792,102.50111626827406
793,102.50111626827406
794,102.50111626827406
795,102.50111626827406
796,102.50111626827406
797,102.50111626827406
798,102.50111626827406
799,102.50111626827406
800,102.50111626827406
801,102.50111626827406
802,102.50111626827406
803,102.37311419070255
804,102.37311419070255
805,102.37311419070255
806,102.37311419070255
807,102.37311419070255
808,102.37311419070255
809,102.37311419070255
810,102.37311419070255
811,102.37311419070255
812,102.37311419070255
813,102.37311419070255
814,102.37311419070255
815,102.37311419070255
816,102.37311419070255
817,102.37311419070255
818,102.37311419070255
819,102.37311419070255
820,102.37311419070255
821,102.37311419070255
822,102.37311419070255
823,102.37311419070255
824,102.37311419070255
825,102.37311419070255
826,102.37311419070255
827,102.37311419070255
828,102.37311419070255
829,102.37311419070255
830,102.37311419070255
831,102.37311419070255
832,102.37311419070255
833,102.37311419070255
834,102.37311419070255
835,102.37311419070255
836,102.37311419070255
837,102.37311419070255
838,102.37311419070255
839,102.37311419070255
840,102.37311419070255
841,102.37311419070255
842,102.37311419070255
843,102.37311419070255
844,102.37311419070255
845,102.37311419070255
846,102.37311419070255
847,102.37311419070255
848,102.37311419070255
849,102.37311419070255
850,102.37311419070255
851,102.37311419070255
852,102.37311419070255
853,102.37311419070255
854,102.37311419070255
855,102.37311419070255
856,102.37311419070255
857,102.37311419070255
858,102.37311419070255
859,102.37311419070255
860,102.37311419070255
861,102.37311419070255
862,102.37311419070255
863,102.37311419070255
864,102.37311419070255
865,102.37311419070255
866,102.37311419070255
867,102.37311419070255
868,102.37311419070255
869,102.37311419070255
870,102.37311419070255
871,102.37311419070255
872,102.37311419070255
873,102.37311419070255
874,102.37311419070255
875,102.37311419070255
876,102.37311419070255
877,102.37311419070255
878,102.37311419070255
879,102.37311419070255
880,102.37311419070255
881,102.37311419070255
882,102.37311419070255
883,102.33426326403345
884,102.33426326403345
885,102.33426326403345
886,102.33426326403345
887,102.33426326403345
888,102.33426326403345
889,102.33426326403345
890,102.33426326403345
891,102.33426326403345
892,102.33426326403345
893,102.33426326403345
894,102.33426326403345
895,102.33426326403345
896,102.33426326403345
897,102.33426326403345
898,102.33426326403345
899,102.33426326403345
900,102.33426326403345
901,102.33426326403345
902,102.33426326403345
903,102.33426326403345
904,102.33426326403345
905,102.33426326403345
906,102.33426326403345
907,102.33426326403345
908,102.33426326403345
909,102.33426326403345
910,102.33426326403345
911,102.33426326403345
912,102.33426326403345
913,102.33426326403345
914,102.33426326403345
915,102.33426326403345
916,102.33426326403345
917,102.33426326403345
918,102.33426326403345
919,102.33426326403345
920,102.33426326403345
921,102.33426326403345
922,102.33426326403345
923,102.33426326403345
924,102.33426326403345
925,102.33426326403345
926,102.33426326403345
927,102.33426326403345
928,102.33426326403345
929,102.33426326403345
930,102.33426326403345
931,102.33426326403345
932,102.33426326403345
933,102.33426326403345
934,102.33426326403345
935,102.33426326403345
936,102.33426326403345
937,102.33426326403345
938,102.33426326403345
939,102.33426326403345
940,102.33426326403345
941,102.33426326403345
942,102.33426326403345
943,102.33426326403345
944,102.33426326403345
945,102.33426326403345
946,102.33426326403344
947,102.33426326403344
948,102.33426326403344
949,102.33426326403344
950,102.33426326403344
951,102.33426326403344
952,102.33426326403344
953,102.33426326403344
954,102.33426326403344
955,102.33426326403344
956,102.33426326403344
957,102.33426326403344
958,102.33426326403344
959,102.33426326403344
960,102.33426326403344
961,102.33426326403344
962,102.33426326403344
963,102.33426326403344
964,102.33426326403344
965,102.33426326403344
966,102.33426326403344
967,102.33426326403344
968,102.33426326403344
969,102.33426326403344
970,102.33426326403344
971,102.33426326403344
972,102.33426326403344
973,102.33426326403344
974,102.33426326403344
975,102.33426326403344
976,102.33426326403344
977,102.33426326403344
978,102.33426326403344
979,102.33426326403344
980,102.33426326403344
981,102.33426326403344
982,102.33426326403344
983,102.33426326403344
984,102.33426326403344
985,102.33426326403344
986,102.33426326403344
987,102.33426326403344
988,102.33426326403344
989,102.33426326403344
990,102.33426326403344
991,102.33426326403344
992,102.33426326403344
993,102.33426326403344
994,102.33426326403344
995,102.33426326403344
996,102.33426326403344
997,102.33426326403344
998,102.33426326403344
999,102.33426326403344
1000,102.33426326403344
1001,102.33426326403344
1002,102.33426326403344
1003,102.33426326403344
1004,102.33426326403344
1005,102.33426326403344
1006,102.33426326403344
1007,102.33426326403344
1008,102.33426326403344
1009,102.33426326403344
1010,102.33426326403344
1011,102.33426326403344
1012,102.33426326403344
1013,102.33426326403344
1014,102.33426326403344
1015,102.33426326403344
1016,102.33426326403344
1017,102.33426326403344
1018,102.33426326403344
1019,102.33426326403344
1020,102.33426326403344
1021,102.33426326403344
1022,102.33426326403344
1023,102.33426326403344
1024,102.33426326403344
1025,102.33426326403344
1026,102.33426326403344
1027,102.33426326403344
1028,102.33426326403344
1029,102.33426326403344
1030,102.33426326403344
1031,102.33426326403344
1032,102.33426326403344
1033,102.33426326403344
1034,102.33426326403344
1035,102.33426326403344
1036,102.33426326403344
1037,102.33426326403344
1038,102.33426326403344
1039,102.33426326403344
1040,102.33426326403344
1041,102.33426326403344
1042,102.33426326403344
1043,102.33426326403344
1044,102.33426326403344
1045,102.33426326403344
1046,102.33426326403344
1047,102.33426326403344
1048,102.33426326403344
1049,102.33426326403344
1050,102.33426326403344
1051,102.33426326403344
1052,102.33426326403344
1053,102.33426326403344
1054,102.33426326403344
1055,102.33426326403344
1056,102.33426326403344
1057,102.33426326403344
1058,102.33426326403344
1059,102.33426326403344
1060,102.33426326403344
1061,102.33426326403344
1062,102.33426326403344
1063,102.33426326403344
1064,102.33426326403344
1065,102.33426326403344
1066,102.33426326403344
1067,102.33426326403344
1068,102.33426326403344
1069,102.33426326403344
1070,102.33426326403344
1071,102.33426326403344
1072,102.33426326403344
1073,102.33426326403344
1074,102.33426326403344
1075,102.33426326403344
1076,102.33426326403344
1077,102.33426326403344
1078,102.33426326403344
1079,102.33426326403344
1080,102.33426326403344
1081,102.33426326403344
1082,102.33426326403344
1083,102.33426326403344
1084,102.33426326403344
1085,102.33426326403344
1086,102.33426326403344
1087,102.33426326403344
1088,102.33426326403344
1089,102.33426326403344
1090,102.33426326403344
1091,102.33426326403344
1092,102.33426326403344
1093,102.33426326403344
1094,102.33426326403344
1095,102.33426326403344
1096,102.33426326403344
1097,102.33426326403344
1098,102.33426326403344
1099,102.33426326403344
1100,102.33426326403344
1101,102.33426326403344
1102,102.33426326403344
1103,102.33426326403344
1104,102.33426326403344
1105,102.33426326403344
1106,102.33426326403344
1107,102.33426326403344
1108,102.33426326403344
1109,102.33426326403344
1110,102.33426326403344
1111,102.33426326403344
1112,102.33426326403344
1113,102.33426326403344
1114,102.33426326403344
1115,102.33426326403344
1116,102.33426326403344
1117,102.33426326403344
1118,102.33426326403344
1119,102.33426326403344
1120,102.33426326403344
1121,102.33426326403344
1122,102.33426326403344
1123,102.33426326403344
1124,102.33426326403344
1125,102.33426326403344
1126,102.33426326403344
1127,102.33426326403344
1128,102.33426326403344
1129,102.33426326403344
1130,102.33426326403344
1131,102.33426326403344
1132,102.33426326403344
1133,102.33426326403344
1134,102.33426326403344
1135,102.23469817922107
1136,102.23469817922107
1137,102.23469817922107
1138,102.23469817922107
1139,102.23469817922107
1140,102.23469817922107
1141,102.23469817922107
1142,102.23469817922107
1143,102.23469817922107
1144,102.23469817922107
1145,102.16797984673441
1146,102.16797984673441
1147,102.16797984673441
1148,102.16797984673441
1149,102.16797984673441
1150,102.16797984673441
1151,102.16797984673441
1152,102.16797984673441
1153,102.16797984673441
1154,102.16797984673441
1155,102.16797984673441
1156,102.16797984673441
1157,102.16797984673441
1158,102.16797984673441
1159,102.16797984673441
1160,102.16797984673441
1161,102.16797984673441
1162,102.16797984673441
1163,102.16797984673441
1164,102.16797984673441
1165,102.16797984673441
1166,102.1679798467344
1167,102.1679798467344
1168,102.16797984673437
1169,102.16797984673437
1170,102.16797984673437
1171,102.16797984673437
1172,102.16797984673437
1173,102.16797984673437
1174,102.16797984673437
1175,102.16797984673437
1176,102.16797984673437
1177,102.16797984673437
1178,102.16797984673437
1179,102.16797984673437
1180,102.16797984673437
1181,102.16797984673437
1182,102.16797984673437
1183,102.16797984673437
1184,102.16797984673437
1185,102.16797984673437
1186,102.16797984673437
1187,102.16797984673437
1188,102.16797984673437
1189,102.16797984673437
1190,102.16797984673437
1191,102.16797984673437
1192,102.16797984673437
1193,102.16797984673437
1194,102.16797984673437
1195,102.16797984673437
1196,102.16797984673437
1197,102.16797984673437
1198,102.16797984673437
1199,102.16797984673437
1200,102.16797984673437
1201,102.16565998410127
1202,102.16565998410127
1203,102.16565998410127
1204,102.16565998410127
1205,102.16565998410127
1206,102.16565998410127
1207,102.16565998410127
1208,102.16565998410127
1209,102.16565998410127
1210,102.16565998410127
1211,102.16565998410127
1212,102.16565998410127
1213,102.16565998410127
1214,102.16565998410127
1215,102.16565998410127
1216,102.16565998410127
1217,102.16565998410127
1218,102.16565998410127
1219,102.16565998410127
1220,102.16565998410127
1221,102.16565998410127
1222,102.16565998410127
1223,102.16565998410127
1224,102.16565998410127
1225,102.16565998410127
1226,102.16565998410127
1227,102.16565998410127
1228,102.16565998410127
1229,102.16565998410127
1230,102.16565998410127
1231,102.16565998410127
1232,102.16565998410127
1233,102.16565998410127
1234,102.16565998410127
1235,102.16565998410127
1236,102.16565998410127
1237,102.16565998410127
1238,102.16565998410127
1239,102.16565998410127
1240,102.16565998410127
1241,102.16565998410127
1242,102.16565998410127
1243,102.16565998410127
1244,102.16565998410127
1245,102.16565998410127
1246,102.16565998410127
1247,102.16565998410127
1248,102.16565998410127
1249,102.16565998410127
1250,102.16565998410127
1251,102.16565998410127
1252,102.16565998410127
1253,102.16565998410127
1254,102.16565998410127
1255,102.16565998410127
1256,102.16565998410127
1257,102.16565998410127
1258,102.16565998410127
1259,102.16565998410127
1260,102.16565998410127
1261,102.16565998410127
1262,102.16565998410127
1263,102.16565998410127
1264,102.16565998410127
1265,102.16565998410127
1266,102.16565998410127
1267,102.16565998410127
1268,102.16565998410127
1269,102.16565998410127
1270,102.16565998410127
1271,102.16565998410127
1272,102.16565998410127
1273,102.16565998410127
1274,102.16565998410127
1275,102.16565998410127
1276,102.16565998410127
1277,102.16565998410127
1278,102.16565998410127
1279,102.16565998410127
1280,102.16565998410127
1281,102.16565998410127
1282,102.16565998410127
1283,102.16565998410127
1284,102.16565998410127
1285,102.16565998410127
1286,102.16565998410127
1287,102.16565998410127
1288,102.16565998410127
1289,102.16565998410127
1290,102.16565998410127
1291,102.16565998410127
1292,102.16565998410127
1293,102.16565998410127
1294,102.16565998410127
1295,102.16565998410127
1296,102.16565998410127
1297,102.16565998410127
1298,102.16565998410127
1299,102.16565998410127
1300,102.16565998410127
1301,102.16565998410127
1302,102.16565998410127
1303,102.16565998410127
1304,102.16565998410127
1305,102.16565998410127
1306,102.16565998410127
1307,102.16565998410127
1308,102.16565998410127
1309,102.16565998410127
1310,102.16565998410127
1311,102.07315598356625
1312,102.07315598356625
1313,102.07315598356625
1314,102.07315598356625
1315,102.07315598356625
1316,102.07315598356625
1317,102.07315598356625
1318,102.07315598356625
1319,102.07315598356625
1320,102.07315598356625
1321,102.07315598356625
1322,102.07315598356625
1323,102.07315598356625
1324,102.07315598356625
1325,101.99639287434916
1326,101.99639287434916
1327,101.99639287434916
1328,101.99639287434916
1329,101.99639287434916
1330,101.99639287434916
1331,101.99639287434916
1332,101.99639287434916
1333,101.99639287434916
1334,101.99639287434916
1335,101.99639287434916
1336,101.99639287434916
1337,101.99639287434916
1338,101.99639287434916
1339,101.99639287434916
1340,101.99639287434916
1341,101.99639287434916
1342,101.99639287434916
1343,101.99639287434916
1344,101.99639287434916
1345,101.99639287434916
1346,101.99639287434916
1347,101.99639287434916
1348,101.99639287434916
1349,101.99639287434916
1350,101.99639287434916
1351,101.99639287434916
1352,101.99639287434916
1353,101.99639287434916
1354,101.99639287434916
1355,101.99639287434916
1356,101.99639287434916
1357,101.99639287434916
1358,101.99639287434916
1359,101.99639287434916
1360,101.99639287434916
1361,101.99639287434916
1362,101.99639287434916
1363,101.99639287434916
1364,101.99639287434916
1365,101.99639287434916
1366,101.99639287434916
1367,101.99639287434916
1368,101.99639287434916
1369,101.99639287434916
1370,101.99639287434916
1371,101.99639287434916
1372,101.99639287434916
1373,101.99639287434916
1374,101.99639287434916
1375,101.99639287434916
1376,101.99639287434916
1377,101.99639287434916
1378,101.99639287434916
1379,101.99639287434916
1380,101.99639287434916
1381,101.99639287434916
1382,101.99639287434916
1383,101.99639287434916
1384,101.99639287434916
1385,101.99639287434916
1386,101.99639287434916
1387,101.99639287434916
1388,101.99639287434916
1389,101.99639287434916
1390,101.99639287434916
1391,101.99639287434916
1392,101.99639287434916
1393,101.99639287434916
1394,101.99639287434916
1395,101.99639287434916
1396,101.99639287434916
1397,101.99639287434916
1398,101.99639287434916
1399,101.99639287434916
1400,101.99639287434916
1401,101.99639287434916
1402,101.99639287434916
1403,101.99639287434916
1404,101.99639287434916
1405,101.99639287434916
1406,101.99639287434916
1407,101.99639287434916
1408,101.99639287434916
1409,101.99639287434916
1410,101.99639287434916
1411,101.99639287434916
1412,101.99639287434916
1413,101.99639287434916
1414,101.99639287434916
1415,101.99639287434916
1416,101.99639287434916
1417,101.99639287434916
1418,101.99639287434916
1419,101.99639287434916
1420,101.99639287434916
1421,101.99639287434916
1422,101.99639287434916
1423,101.99639287434916
1424,101.99639287434916
1425,101.99639287434916
1426,101.99639287434916
1427,101.99639287434916
1428,101.99639287434916
1429,101.99639287434916
1430,101.99639287434916
1431,101.99639287434916
1432,101.99639287434916
1433,101.99639287434916
1434,101.99639287434916
1435,101.99639287434916
1436,101.99639287434916
1437,101.99639287434916
1438,101.99639287434916
1439,101.99639287434916
1440,101.99639287434916
1441,101.99639287434916
1442,101.99639287434916
1443,101.99639287434916
1444,101.99639287434916
1445,101.99639287434916
1446,101.99639287434916
1447,101.99639287434916
1448,101.99639287434916
1449,101.99639287434916
1450,101.99639287434916
1451,101.99639287434916
1452,101.99639287434916
1453,101.99639287434916
1454,101.99639287434916
1455,101.99639287434916
1456,101.99639287434916
1457,101.99639287434916
1458,101.99639287434916
1459,101.99639287434916
1460,101.99639287434916
1461,101.99639287434916
1462,101.99639287434916
1463,101.99639287434916
1464,101.99639287434916
1465,101.99639287434916
1466,101.99639287434916
1467,101.99639287434916
1468,101.99639287434916
1469,101.99639287434916
1470,101.99639287434916
1471,101.99639287434916
1472,101.99639287434916
1473,101.99639287434916
1474,101.99639287434916
1475,101.99639287434916
1476,101.99639287434916
1477,101.99639287434916
1478,101.99639287434916
1479,101.99639287434916
1480,101.99639287434916
1481,101.99639287434916
1482,101.99639287434916
1483,101.99639287434916
1484,101.99639287434916
1485,101.99639287434916
1486,101.99639287434916
1487,101.99639287434916
1488,101.99639287434916
1489,101.99639287434916
1490,101.99639287434916
1491,101.99639287434916
1492,101.99639287434916
1493,101.99639287434916
1494,101.99639287434916
1495,101.99639287434916
1496,101.99639287434916
1497,101.99639287434916
1498,101.99639287434916
1499,101.99639287434916
1500,101.99639287434916
1501,101.99639287434916
1502,101.99639287434916
1503,101.99639287434916
1504,101.99639287434916
1505,101.99639287434916
1506,101.99639287434916
1507,101.99639287434916
1508,101.99639287434916
1509,101.99639287434916
1510,101.99639287434916
1511,101.99639287434916
1512,101.99639287434916
1513,101.99639287434916
1514,101.99639287434916
1515,101.99639287434916
1516,101.99639287434916
1517,101.99639287434916
1518,101.99639287434916
1519,101.99639287434916
1520,101.99639287434916
1521,101.99639287434916
1522,101.99639287434916
1523,101.99639287434916
1524,101.99639287434916
1525,101.99639287434916
1526,101.99639287434916
1527,101.99639287434916
1528,101.99639287434916
1529,101.99639287434916
1530,101.99639287434916
1531,101.99639287434916
1532,101.99639287434916
1533,101.99639287434916
1534,101.99639287434916
1535,101.99639287434916
1536,101.99639287434916
1537,101.99639287434916
1538,101.97243596587192
1539,101.97243596587192
1540,101.97243596587192
1541,101.97243596587192
1542,101.9724359658719
1543,101.9724359658719
1544,101.9724359658719
1545,101.9724359658719
1546,101.9724359658719
1547,101.9724359658719
1548,101.9724359658719
1549,101.9724359658719
1550,101.9724359658719
1551,101.9724359658719
1552,101.9724359658719
1553,101.9724359658719
1554,101.9724359658719
1555,101.9724359658719
1556,101.9724359658719
1557,101.9724359658719
1558,101.9724359658719
1559,101.9724359658719
1560,101.9724359658719
1561,101.9724359658719
1562,101.9724359658719
1563,101.9724359658719
1564,101.9724359658719
1565,101.9724359658719
1566,101.9724359658719
1567,101.9724359658719
1568,101.9724359658719
1569,101.9724359658719
1570,101.9724359658719
1571,101.9724359658719
1572,101.9724359658719
1573,101.9724359658719
1574,101.9724359658719
1575,101.9724359658719
1576,101.9724359658719
1577,101.9724359658719
1578,101.9724359658719
1579,101.9724359658719
1580,101.9724359658719
1581,101.9724359658719
1582,101.9724359658719
1583,101.9724359658719
1584,101.9724359658719
1585,101.9724359658719
1586,101.9724359658719
1587,101.9724359658719
1588,101.9724359658719
1589,101.9724359658719
1590,101.9724359658719
1591,101.9724359658719
1592,101.9724359658719
1593,101.9724359658719
1594,101.78811776592391
1595,101.78811776592391
1596,101.7881177659239
1597,101.7881177659239
1598,101.7881177659239
1599,101.7881177659239
1600,101.7881177659239
1601,101.7881177659239
1602,101.7881177659239
1603,101.7881177659239
1604,101.78811776592389
1605,101.78811776592389
1606,101.78811776592389
1607,101.78811776592389
1608,101.78811776592389
1609,101.78811776592389
1610,101.78811776592389
1611,101.78811776592389
1612,101.78811776592389
1613,101.78811776592389
1614,101.78811776592389
1615,101.78811776592389
1616,101.78811776592389
1617,101.78811776592389
1618,101.78811776592389
1619,101.78811776592389
1620,101.78811776592389
1621,101.78811776592389
1622,101.78811776592389
1623,101.78811776592389
1624,101.78811776592389
1625,101.78811776592389
1626,101.78811776592389
1627,101.78811776592389
1628,101.78811776592389
1629,101.78811776592389
1630,101.78811776592389
1631,101.78811776592389
1632,101.78811776592389
1633,101.78811776592389
1634,101.78811776592389
1635,101.78811776592389
1636,101.78811776592389
1637,101.78811776592389
1638,101.78811776592389
1639,101.78811776592389
1640,101.78811776592389
1641,101.78811776592389
1642,101.78811776592389
1643,101.78811776592389
1644,101.78811776592389
1645,101.78811776592389
1646,101.78811776592389
1647,101.78811776592389
1648,101.78811776592389
1649,101.78811776592389
1650,101.78811776592389
1651,101.78811776592389
1652,101.78811776592389
1653,101.78811776592389
1654,101.78811776592389
1655,101.78811776592389
1656,101.78811776592389
1657,101.78811776592389
1658,101.78811776592389
1659,101.78811776592389
1660,101.78811776592389
1661,101.78811776592389
1662,101.78811776592389
1663,101.78811776592389
1664,101.78811776592389
1665,101.78811776592389
1666,101.78811776592389
1667,101.78811776592389
1668,101.78811776592389
1669,101.78811776592389
1670,101.78811776592389
1671,101.78811776592389
1672,101.78811776592389
1673,101.78811776592389
1674,101.78811776592389
1675,101.78811776592389
1676,101.78811776592389
1677,101.78811776592389
1678,101.78811776592389
1679,101.78811776592389
1680,101.78811776592389
1681,101.78811776592389
1682,101.78811776592389
1683,101.78811776592389
1684,101.78811776592389
1685,101.78811776592389
1686,101.78811776592389
1687,101.78811776592389
1688,101.78811776592389
1689,101.78811776592389
1690,101.78811776592389
1691,101.78811776592389
1692,101.78811776592389
1693,101.78811776592389
1694,101.78811776592389
1695,101.78811776592389
1696,101.78811776592389
1697,101.78811776592389
1698,101.78811776592389
1699,101.78811776592389
1700,101.78811776592389
1701,101.78811776592389
1702,101.78811776592389
1703,101.78811776592389
1704,101.78811776592389
1705,101.78811776592389
1706,101.78811776592389
1707,101.78811776592389
1708,101.78811776592389
1709,101.78811776592389
1710,101.78811776592389
1711,101.78811776592389
1712,101.78811776592389
1713,101.78811776592389
1714,101.78811776592389
1715,101.78811776592389
1716,101.78811776592389
1717,101.78811776592389
1718,101.78811776592389
1719,101.71416747818986
1720,101.71416747818986
1721,101.71416747818986
1722,101.71416747818986
1723,101.71416747818986
1724,101.71416747818986
1725,101.71416747818986
1726,101.71416747818986
1727,101.71416747818986
1728,101.71416747818986
1729,101.71416747818986
1730,101.71416747818986
1731,101.71416747818986
1732,101.71416747818986
1733,101.71416747818986
1734,101.71416747818986
1735,101.71416747818986
1736,101.71416747818986
1737,101.71416747818986
1738,101.71416747818986
1739,101.71416747818985
1740,101.71416747818985
1741,101.71416747818985
1742,101.71416747818985
1743,101.71416747818985
1744,101.71416747818985
1745,101.71416747818985
1746,101.71416747818985
1747,101.71416747818985
1748,101.71416747818985
1749,101.71416747818985
1750,101.71416747818985
1751,101.71416747818985
1752,101.71416747818985
1753,101.71416747818985
1754,101.71416747818985
1755,101.71416747818985
1756,101.71416747818985
1757,101.71416747818985
1758,101.71416747818985
1759,101.71416747818985
1760,101.71416747818985
1761,101.71416747818985
1762,101.71416747818985
1763,101.71416747818985
1764,101.71416747818985
1765,101.71416747818985
1766,101.71416747818985
1767,101.71416747818985
1768,101.71416747818985
1769,101.71416747818985
1770,101.71416747818985
1771,101.71416747818985
1772,101.71416747818985
1773,101.71416747818985
1774,101.71416747818985
1775,101.71416747818985
1776,101.71416747818985
1777,101.71416747818985
1778,101.71416747818985
1779,101.71416747818985
1780,101.71416747818985
1781,101.71416747818985
1782,101.71416747818985
1783,101.71416747818985
1784,101.71416747818985
1785,101.71416747818985
1786,101.71416747818985
1787,101.71416747818985
1788,101.71416747818985
1789,101.71416747818985
1790,101.71416747818985
1791,101.71416747818985
1792,101.71416747818985
1793,101.71416747818985
1794,101.71416747818985
1795,101.71416747818985
1796,101.71416747818985
1797,101.71416747818985
1798,101.71416747818985
1799,101.71416747818985
1800,101.71416747818985
1801,101.71416747818985
1802,101.71416747818985
1803,101.71416747818985
1804,101.71416747818985
1805,101.71416747818985
1806,101.71416747818985
1807,101.71416747818985
1808,101.71416747818985
1809,101.71416747818985
1810,101.71416747818985
1811,101.71416747818985
1812,101.71416747818985
1813,101.71416747818985
1814,101.71416747818985
1815,101.71416747818985
1816,101.71416747818985
1817,101.71416747818985
1818,101.71416747818985
1819,101.71416747818985
1820,101.71416747818985
1821,101.71416747818985
1822,101.71416747818985
1823,101.71416747818985
1824,101.71416747818985
1825,101.71416747818985
1826,101.71416747818985
1827,101.71416747818985
1828,101.71416747818985
1829,101.71416747818985
1830,101.71416747818985
1831,101.71416747818985
1832,101.71416747818985
1833,101.71416747818985
1834,101.71416747818985
1835,101.71416747818985
1836,101.71416747818985
1837,101.71416747818985
1838,101.71416747818985
1839,101.71416747818985
1840,101.71416747818985
1841,101.71416747818985
1842,101.71416747818985
1843,101.71416747818985
1844,101.71416747818985
1845,101.71416747818985
1846,101.71416747818985
1847,101.71416747818985
1848,101.71416747818985
1849,101.71416747818985
1850,101.71416747818985
1851,101.71416747818985
1852,101.71416747818985
1853,101.71416747818985
1854,101.71416747818985
1855,101.71416747818985
1856,101.71416747818985
1857,101.71416747818985
1858,101.71416747818985
1859,101.71416747818985
1860,101.71416747818985
1861,101.71416747818985
1862,101.71416747818985
1863,101.71416747818985
1864,101.71416747818985
1865,101.71416747818985
1866,101.71416747818985
1867,101.71416747818985
1868,101.71416747818985
1869,101.71416747818985
1870,101.71416747818985
1871,101.71416747818985
1872,101.71416747818985
1873,101.71416747818985
1874,101.71416747818985
1875,101.71416747818985
1876,101.71416747818985
1877,101.71416747818985
1878,101.71416747818985
1879,101.71416747818985
1880,101.71416747818985
1881,101.71416747818985
1882,101.71416747818985
1883,101.71416747818985
1884,101.71416747818985
1885,101.71416747818985
1886,101.71416747818985
1887,101.71416747818985
1888,101.71416747818985
1889,101.71416747818985
1890,101.71416747818985
1891,101.71416747818985
1892,101.71416747818985
1893,101.71416747818985
1894,101.71416747818985
1895,101.71416747818985
1896,101.71416747818985
1897,101.71416747818985
1898,101.71416747818985
1899,101.71416747818985
1900,101.71416747818985
1901,101.71416747818985
1902,101.71416747818985
1903,101.71416747818985
1904,101.71416747818985
1905,101.71416747818985
1906,101.71416747818985
1907,101.71416747818985
1908,101.71416747818985
1909,101.71416747818985
1910,101.71416747818985
1911,101.71416747818985
1912,101.71416747818985
1913,101.71416747818985
1914,101.71416747818985
1915,101.71416747818985
1916,101.71416747818985
1917,101.71416747818985
1918,101.71416747818985
1919,101.71416747818985
1920,101.71416747818985
1921,101.71416747818985
1922,101.71416747818985
1923,101.71416747818985
1924,101.71416747818985
1925,101.71416747818985
1926,101.71416747818985
1927,101.71416747818985
1928,101.71416747818985
1929,101.71416747818985
1930,101.71416747818985
1931,101.71416747818985
1932,101.71416747818985
1933,101.71416747818985
1934,101.71416747818985
1935,101.71416747818985
1936,101.71416747818985
1937,101.71416747818985
1938,101.71416747818985
1939,101.71416747818985
1940,101.71416747818985
1941,101.71416747818985
1942,101.71416747818985
1943,101.71416747818985
1944,101.71416747818985
1945,101.71416747818985
1946,101.71416747818985
1947,101.71416747818985
1948,101.71416747818985
1949,101.71416747818985
1950,101.71416747818985
1951,101.71416747818985
1952,101.71416747818985
1953,101.71416747818985
1954,101.71416747818985
1955,101.71416747818985
1956,101.71416747818985
1957,101.71416747818985
1958,101.71416747818985
1959,101.71416747818985
1960,101.71416747818985
1961,101.71416747818985
1962,101.71416747818985
1963,101.71416747818985
1964,101.71416747818985
1965,101.71416747818985
1966,101.71416747818985
1967,101.71416747818985
1968,101.71416747818985
1969,101.71416747818985
1970,101.71416747818985
1971,101.71416747818985
1972,101.71416747818985
1973,101.71416747818985
1974,101.71416747818985
1975,101.71416747818985
1976,101.71416747818985
1977,101.71416747818985
1978,101.71416747818985
1979,101.71416747818985
1980,101.71416747818985
1981,101.71416747818985
1982,101.71416747818985
1983,101.71416747818985
1984,101.71416747818985
1985,101.71416747818985
1986,101.71416747818985
1987,101.71416747818985
1988,101.71416747818985
1989,101.71416747818985
1990,101.71416747818985
1991,101.71416747818985
1992,101.69747900295947
1993,101.69747900295947
1994,101.69747900295947
1995,101.69747900295947
1996,101.69747900295947
1997,101.69747900295947
1998,101.69747900295947
1999,101.69747900295947
2000,101.69747900295947
2001,101.69747900295947
2002,101.69747900295947
2003,101.69747900295947
2004,101.69747900295947
2005,101.69747900295947
2006,101.69747900295947
2007,101.69747900295947
2008,101.69747900295947
2009,101.69747900295947
2010,101.69747900295947
2011,101.69747900295947
2012,101.69747900295947
2013,101.69747900295947
2014,101.69747900295947
2015,101.69747900295947
2016,101.69747900295947
2017,101.69747900295947
2018,101.69747900295947
2019,101.69747900295947
2020,101.69747900295947
2021,101.69747900295947
2022,101.69747900295947
2023,101.69747900295947
2024,101.69747900295947
2025,101.69747900295947
2026,101.69747900295947
2027,101.69747900295947
2028,101.69747900295947
2029,101.69747900295947
2030,101.69747900295947
2031,101.69747900295947
2032,101.69747900295947
2033,101.69747900295947
2034,101.69747900295947
2035,101.69747900295947
2036,101.69747900295947
2037,101.69747900295947
2038,101.69747900295947
2039,101.69747900295947
2040,101.69747900295947
2041,101.69747900295947
2042,101.69747900295947
2043,101.69747900295947
2044,101.69747900295947
2045,101.69747900295947
2046,101.69747900295947
2047,101.69747900295947
2048,101.69747900295947
2049,101.69747900295947
2050,101.69747900295947
2051,101.69747900295947
2052,101.69747900295947
2053,101.69747900295947
2054,101.69747900295947
2055,101.69747900295947
2056,101.69747900295947
2057,101.69747900295947
2058,101.69747900295947
2059,101.69747900295947
2060,101.69747900295947
2061,101.69747900295947
2062,101.69747900295947
2063,101.69747900295947
2064,101.69747900295947
2065,101.69747900295947
2066,101.69747900295947
2067,101.69747900295947
2068,101.69747900295947
2069,101.69747900295947
2070,101.69747900295947
2071,101.69747900295947
2072,101.69747900295947
2073,101.69747900295947
2074,101.69747900295947
2075,101.69747900295947
2076,101.69747900295947
2077,101.69747900295947
2078,101.69747900295947
2079,101.69747900295947
2080,101.69747900295947
2081,101.69747900295947
2082,101.69747900295947
2083,101.69747900295947
2084,101.69747900295947
2085,101.69747900295947
2086,101.69747900295947
2087,101.69747900295947
2088,101.69747900295947
2089,101.69747900295947
2090,101.69747900295947
2091,101.69747900295947
2092,101.69747900295947
2093,101.69747900295947
2094,101.69747900295947
2095,101.69747900295947
2096,101.69747900295947
2097,101.69747900295947
2098,101.69747900295947
2099,101.69747900295947
2100,101.69747900295947
2101,101.69747900295947
2102,101.69747900295947
2103,101.69747900295947
2104,101.69747900295947
2105,101.69747900295947
2106,101.69747900295947
2107,101.69747900295947
2108,101.69747900295947
2109,101.69747900295947
2110,101.69747900295947
2111,101.69747900295947
2112,101.69747900295947
2113,101.69747900295947
2114,101.69747900295947
2115,101.69747900295947
2116,101.69747900295947
2117,101.69747900295947
2118,101.69747900295947
2119,101.69747900295947
2120,101.69747900295947
2121,101.69747900295947
2122,101.69747900295947
2123,101.69747900295947
2124,101.69747900295947
2125,101.69747900295947
2126,101.69747900295947
2127,101.69747900295947
2128,101.69747900295947
2129,101.69747900295947
2130,101.69747900295947
2131,101.67380883202463
2132,101.67380883202463
2133,101.67380883202463
2134,101.67380883202463
2135,101.67380883202463
2136,101.67380883202463
2137,101.67380883202463
2138,101.67380883202463
2139,101.67380883202463
2140,101.67380883202463
2141,101.67380883202463
2142,101.67380883202463
2143,101.67380883202463
2144,101.64636946305113
2145,101.64636946305113
2146,101.64636946305113
2147,101.64636946305113
2148,101.64636946305113
2149,101.64636946305113
2150,101.64636946305113
2151,101.64636946305113
2152,101.64636946305113
2153,101.64636946305113
2154,101.64636946305113
2155,101.64636946305113
2156,101.64636946305113
2157,101.64636946305113
2158,101.64636946305113
2159,101.64636946305113
2160,101.64636946305113
2161,101.64636946305113
2162,101.64636946305113
2163,101.64636946305113
2164,101.64636946305113
2165,101.64636946305113
2166,101.64636946305113
2167,101.64636946305113
2168,101.64636946305113
2169,101.64636946305113
2170,101.64636946305113
2171,101.64636946305113
2172,101.64636946305113
2173,101.64636946305113
2174,101.64636946305113
2175,101.64636946305113
2176,101.64636946305113
2177,101.64636946305113
2178,101.64636946305113
2179,101.64636946305113
2180,101.64636946305112
2181,101.64636946305112
2182,101.64636946305112
2183,101.50444180266047
2184,101.50444180266047
2185,101.50444180266047
2186,101.49241323910603
2187,101.49241323910601
2188,101.49241323910601
2189,101.49241323910601
2190,101.49241323910601
2191,101.49241323910601
2192,101.49241323910601
2193,101.49241323910601
2194,101.49241323910601
2195,101.49241323910601
2196,101.49241323910601
2197,101.49241323910601
2198,101.49241323910601
2199,101.49241323910601
2200,101.49241323910601
2201,101.49241323910601
2202,101.49241323910601
2203,101.49241323910601
2204,101.49241323910601
2205,101.49241323910601
2206,101.49241323910601
2207,101.48448142536584
2208,101.48448142536584
2209,101.48448142536584
2210,101.48448142536584
2211,101.48448142536584
2212,101.48448142536584
2213,101.48448142536584
2214,101.48448142536584
2215,101.48448142536584
2216,101.48448142536584
2217,101.48448142536584
2218,101.48448142536584
2219,101.48448142536584
2220,101.48448142536584
2221,101.48448142536583
2222,101.48448142536583
2223,101.48448142536583
2224,101.48448142536583
2225,101.48448142536583
2226,101.48448142536583
2227,101.48448142536583
2228,101.48448142536583
2229,101.48448142536583
2230,101.48448142536583
2231,101.48448142536583
2232,101.48448142536583
2233,101.48448142536583
2234,101.48448142536583
2235,101.48448142536583
2236,101.48448142536583
2237,101.48448142536583
2238,101.48448142536583
2239,101.48448142536583
2240,101.48448142536583
2241,101.48448142536583
2242,101.48448142536583
2243,101.48448142536583
2244,101.48448142536583
2245,101.48448142536583
2246,101.47718492912765
2247,101.47718492912765
2248,101.47718492912765
2249,101.47718492912765
2250,101.47718492912765
2251,101.47718492912765
2252,101.47718492912765
2253,101.47718492912765
2254,101.47718492912765
2255,101.47718492912765
2256,101.47718492912765
2257,101.47718492912765
2258,101.47718492912765
2259,101.47718492912765
2260,101.47718492912765
2261,101.47718492912765
2262,101.47718492912765
2263,101.47718492912762
2264,101.47718492912762
2265,101.47718492912762
2266,101.47718492912762
2267,101.47718492912762
2268,101.47718492912762
2269,101.47718492912762
2270,101.47718492912762
2271,101.47718492912762
2272,101.47718492912762
2273,101.47718492912762
2274,101.47718492912762
2275,101.47718492912762
2276,101.47718492912762
2277,101.47718492912762
2278,101.47718492912762
2279,101.47718492912762
2280,101.47718492912762
2281,101.47718492912762
2282,101.47718492912762
2283,101.47718492912762
2284,101.47718492912762
2285,101.47718492912762
2286,101.47718492912762
2287,101.47718492912762
2288,101.47718492912762
2289,101.47718492912762
2290,101.47718492912762
2291,101.47718492912762
2292,101.47718492912762
2293,101.47718492912762
2294,101.47718492912762
2295,101.47718492912762
2296,101.47718492912762
2297,101.47718492912762
2298,101.47718492912762
2299,101.47718492912762
2300,101.47718492912762
2301,101.47718492912762
2302,101.47718492912762
2303,101.47718492912762
2304,101.47718492912762
2305,101.47718492912762
2306,101.47718492912762
2307,101.47718492912762
2308,101.47718492912762
2309,101.47718492912762
2310,101.47718492912762
2311,101.47718492912762
2312,101.47718492912762
2313,101.47718492912762
2314,101.47718492912762
2315,101.47718492912762
2316,101.47718492912762
2317,101.47718492912762
2318,101.47718492912762
2319,101.47718492912762
2320,101.47718492912762
2321,101.47718492912762
2322,101.47718492912762
2323,101.47718492912762
2324,101.47718492912762
2325,101.47718492912762
2326,101.47718492912762
2327,101.47718492912762
2328,101.47718492912762
2329,101.47718492912762
2330,101.47718492912762
2331,101.47718492912762
2332,101.47718492912762
2333,101.47718492912762
2334,101.47718492912762
2335,101.47718492912762
2336,101.47718492912762
2337,101.47718492912762
2338,101.47718492912762
2339,101.47718492912762
2340,101.47718492912762
2341,101.47718492912762
2342,101.47718492912762
2343,101.47718492912762
2344,101.47718492912762
2345,101.47718492912762
2346,101.47449069794398
2347,101.47449069794398
2348,101.47449069794398
2349,101.47449069794398
2350,101.47449069794398
2351,101.47449069794398
2352,101.47449069794398
2353,101.47449069794398
2354,101.47449069794398
2355,101.47449069794398
2356,101.47449069794398
2357,101.47449069794398
2358,101.47449069794398
2359,101.47449069794398
2360,101.47449069794398
2361,101.47449069794398
2362,101.47449069794398
2363,101.47449069794398
2364,101.47449069794398
2365,101.47449069794398
2366,101.47449069794398
2367,101.47449069794398
2368,101.47449069794398
2369,101.47449069794398
2370,101.47449069794398
2371,101.47449069794398
2372,101.47449069794398
2373,101.47449069794398
2374,101.47449069794398
2375,101.47449069794398
2376,101.47449069794398
2377,101.47449069794398
2378,101.47449069794398
2379,101.47449069794398
2380,101.47449069794398
2381,101.47449069794398
2382,101.47449069794398
2383,101.47449069794398
2384,101.47449069794398
2385,101.47449069794398
2386,101.47449069794398
2387,101.47449069794398
2388,101.47449069794398
2389,101.47449069794398
2390,101.47449069794398
2391,101.47449069794398
2392,101.47449069794398
2393,101.47449069794398
2394,101.47449069794398
2395,101.47449069794398
2396,101.47449069794398
2397,101.47449069794396
2398,101.47449069794396
2399,101.47449069794396
2400,101.47449069794396
2401,101.47449069794396
2402,101.47449069794396
2403,101.47449069794396
2404,101.47449069794396
2405,101.47449069794396
2406,101.47449069794396
2407,101.47449069794396
2408,101.47449069794396
2409,101.47449069794396
2410,101.47449069794396
2411,101.47449069794396
2412,101.47449069794396
2413,101.47449069794396
2414,101.47449069794396
2415,101.47449069794396
2416,101.47449069794396
2417,101.47449069794396
2418,101.47449069794396
2419,101.47449069794396
2420,101.47449069794396
2421,101.47449069794396
2422,101.47449069794396
2423,101.47449069794396
2424,101.47449069794396
2425,101.47449069794396
2426,101.47449069794396
2427,101.47449069794396
2428,101.47449069794396
2429,101.47449069794396
2430,101.47449069794396
2431,101.47449069794396
2432,101.47449069794396
2433,101.47449069794396
2434,101.47449069794396
2435,101.47449069794396
2436,101.47449069794396
2437,101.47449069794396
2438,101.47449069794396
2439,101.47449069794396
2440,101.47449069794396
2441,101.47449069794396
2442,101.47449069794396
2443,101.47449069794396
2444,101.47449069794396
2445,101.47449069794396
2446,101.47449069794396
2447,101.47449069794396
2448,101.47449069794396
2449,101.47449069794396
2450,101.47449069794396
2451,101.47449069794396
2452,101.47449069794396
2453,101.47449069794396
2454,101.47449069794396
2455,101.47449069794396
2456,101.47449069794396
2457,101.47449069794396
2458,101.47449069794396
2459,101.47449069794396
2460,101.47449069794396
2461,101.47449069794396
2462,101.47449069794396
2463,101.47449069794396
2464,101.47449069794396
2465,101.47449069794396
2466,101.47449069794396
2467,101.47449069794396
2468,101.47449069794396
2469,101.47449069794396
2470,101.47449069794396
2471,101.47449069794396
2472,101.47449069794396
2473,101.47449069794396
2474,101.47449069794396
2475,101.47449069794396
2476,101.47449069794396
2477,101.47449069794396
2478,101.47449069794396
2479,101.47449069794396
2480,101.47449069794396
2481,101.47449069794396
2482,101.47449069794396
2483,101.47449069794396
2484,101.47449069794396
2485,101.47449069794396
2486,101.47449069794396
2487,101.47449069794396
2488,101.47449069794396
2489,101.47449069794396
2490,101.47449069794396
2491,101.47449069794396
2492,101.47449069794396
2493,101.47449069794396
2494,101.47449069794396
2495,101.47449069794396
2496,101.47449069794396
2497,101.47449069794396
2498,101.47449069794396
2499,101.47449069794396
