"Qubit","T1 (us)","T2 (us)","Readout assignment error ","Prob meas0 prep1 ","Prob meas1 prep0 ","Readout length (ns)","ID error ","RX error ","Z-axis rotation (rz) error ","√x (sx) error ","Pauli-X error ","CZ error ","RZZ error ","Gate time (ns)","Operational"
"0","210.16487135697025","71.10286112084403","0.004638671875","0.00830078125","0.0009765625","2584","0.00039162803342084583","0.00039162803342084583","0","0.00039162803342084583","0.00039162803342084583","0_1:0.001663294672013843","0_1:0.001356084433895538","0_1:68","true"
"1","209.6202206329104","209.8218859034567","0.003662109375","0.00634765625","0.0009765625","2584","0.0002138379848210137","0.0002138379848210137","0","0.0002138379848210137","0.0002138379848210137","1_2:0.001171323106668315;1_0:0.001663294672013843","1_2:0.0017429664375702147;1_0:0.001356084433895538","1_2:68;1_0:68","true"
"2","350.4477885726896","424.8669757723849","0.003662109375","0.00634765625","0.0009765625","2584","0.0001423306576959966","0.0001423306576959966","0","0.0001423306576959966","0.0001423306576959966","2_1:0.001171323106668315;2_3:0.006976078725270091","2_1:0.0017429664375702147;2_3:0.0035369546731677526","2_1:68;2_3:68","true"
"3","329.6378641700757","285.22274336138673","0.00634765625","0.0078125","0.0048828125","2584","0.00037478404744346286","0.00037478404744346286","0","0.00037478404744346286","0.00037478404744346286","3_16:0.011679340776311692;3_2:0.006976078725270091;3_4:0.014720641685886104","3_16:0.018885518325780726;3_2:0.0035369546731677526;3_4:0.015987043968415243","3_16:68;3_2:68;3_4:80","true"
"4","153.43220208489822","67.12881131143054","0.037841796875","0.07470703125","0.0009765625","2584","0.004613243450386681","0.004613243450386681","0","0.004613243450386681","0.004613243450386681","4_3:0.014720641685886104;4_5:0.00973456645381654","4_3:0.015987043968415243;4_5:0.006032456586587048","4_3:80;4_5:68","true"
"5","156.56791554379814","63.603519228903764","0.006103515625","0.00732421875","0.0048828125","2584","0.00023998498619878854","0.00023998498619878854","0","0.00023998498619878854","0.00023998498619878854","5_6:0.0017226239773751595;5_4:0.00973456645381654","5_6:0.0030657640788129548;5_4:0.006032456586587048","5_6:68;5_4:68","true"
"6","268.9957854832642","134.26322944889927","0.00439453125","0.00634765625","0.00244140625","2584","0.00022406870010342075","0.00022406870010342075","0","0.00022406870010342075","0.00022406870010342075","6_5:0.0017226239773751595;6_7:0.0016287066221631896","6_5:0.0030657640788129548;6_7:0.0023439040804605904","6_5:68;6_7:68","true"
"7","311.35979857943374","70.04717771736297","0.01904296875","0.0234375","0.0146484375","2584","0.0003351200037127845","0.0003351200037127845","0","0.0003351200037127845","0.0003351200037127845","7_17:0.001974021946786614;7_6:0.0016287066221631896;7_8:0.0027338259162418","7_17:0.004136824799800792;7_6:0.0023439040804605904;7_8:0.0033045874632801897","7_17:68;7_6:68;7_8:80","true"
"8","243.64547713584258","59.53255344808697","0.00341796875","0.0068359375","0","2584","0.0003718846847356817","0.0003718846847356817","0","0.0003718846847356817","0.0003718846847356817","8_9:0.0025581321848816285;8_7:0.0027338259162418","8_9:0.005900894077457031;8_7:0.0033045874632801897","8_9:68;8_7:80","true"
"9","229.61101800144797","123.56090018362671","0.02734375","0.02099609375","0.03369140625","2584","0.00023682253818181983","0.00023682253818181983","0","0.00023682253818181983","0.00023682253818181983","9_8:0.0025581321848816285;9_10:0.0017002622357037145","9_8:0.005900894077457031;9_10:0.005224752286674961","9_8:68;9_10:68","true"
"10","240.991310318525","99.74890095708625","0.00537109375","0.0087890625","0.001953125","2584","0.0002529253418028122","0.0002529253418028122","0","0.0002529253418028122","0.0002529253418028122","10_9:0.0017002622357037145;10_11:0.0018580199288185106","10_9:0.005224752286674961;10_11:0.0020137028947202484","10_9:68;10_11:68","true"
"11","324.0362048509194","90.21644504640267","0.006591796875","0.01171875","0.00146484375","2584","0.0005108399896124877","0.0005108399896124877","0","0.0005108399896124877","0.0005108399896124877","11_18:0.002241816400026825;11_10:0.0018580199288185106;11_12:0.0013696227097202973","11_18:0.00407896085624021;11_10:0.0020137028947202484;11_12:0.004313539482632578","11_18:68;11_10:68;11_12:68","true"
"12","286.39946730964084","173.48332063373863","0.003662109375","0.005859375","0.00146484375","2584","0.00023633507655381765","0.00023633507655381765","0","0.00023633507655381765","0.00023633507655381765","12_13:0.001801840735242699;12_11:0.0013696227097202973","12_13:0.00162904126338978;12_11:0.004313539482632578","12_13:80;12_11:68","true"
"13","239.0956710909544","277.92634777975746","0.048828125","0.03173828125","0.06591796875","2584","0.0005817093168779211","0.0005817093168779211","0","0.0005817093168779211","0.0005817093168779211","13_12:0.001801840735242699;13_14:0.0013894973741579997","13_12:0.00162904126338978;13_14:0.001001487708161719","13_12:80;13_14:80","true"
"14","308.622308908213","148.77515336240307","0.004150390625","0.0078125","0.00048828125","2584","0.00009921579420039243","0.00009921579420039243","0","0.00009921579420039243","0.00009921579420039243","14_15:0.01478471405404369;14_13:0.0013894973741579997","14_15:0.018913967955290212;14_13:0.001001487708161719","14_15:68;14_13:80","true"
"15","198.07584152941362","24.26181727510349","0.33935546875","0.67138671875","0.00732421875","2584","1","1","0","1","1","15_14:0.01478471405404369;15_19:0.014290454735783886","15_14:0.018913967955290212;15_19:0.032772117095488024","15_14:68;15_19:68","true"
"16","125.32873757991814","11.72100552966855","0.01220703125","0.0224609375","0.001953125","2584","0.0005762948377394363","0.0005762948377394363","0","0.0005762948377394363","0.0005762948377394363","16_23:0.004983503092914815;16_3:0.011679340776311692","16_23:0.0029772343075341046;16_3:0.018885518325780726","16_23:68;16_3:68","true"
"17","127.01968023523435","15.26351729234052","0.005615234375","0.0107421875","0.00048828125","2584","0.00024293230140823595","0.00024293230140823595","0","0.00024293230140823595","0.00024293230140823595","17_7:0.001974021946786614;17_27:0.0026957993818869375","17_7:0.004136824799800792;17_27:0.006361288622020483","17_7:68;17_27:68","true"
"18","99.53309052992606","74.1800462020755","0.01416015625","0.02197265625","0.00634765625","2584","0.0008433019477701922","0.0008433019477701922","0","0.0008433019477701922","0.0008433019477701922","18_11:0.002241816400026825;18_31:0.0036417880091366983","18_11:0.00407896085624021;18_31:0.00332639914173552","18_11:68;18_31:68","true"
"19","141.9022432833279","45.51970889631947","0.005126953125","0.009765625","0.00048828125","2584","0.00020852147406512234","0.00020852147406512234","0","0.00020852147406512234","0.00020852147406512234","19_35:0.0020487373612323168;19_15:0.014290454735783886","19_35:0.0012183336611314988;19_15:0.032772117095488024","19_35:80;19_15:68","true"
"20","157.5767834938534","110.57652202517565","0.005859375","0.01171875","0","2584","0.0002784191968468274","0.0002784191968468274","0","0.0002784191968468274","0.0002784191968468274","20_21:0.004840797022315962","20_21:0.0019583808254416968","20_21:68","true"
"21","277.45652291654545","206.81239008747377","0.00732421875","0.0126953125","0.001953125","2584","0.00015007508419064242","0.00015007508419064242","0","0.00015007508419064242","0.00015007508419064242","21_36:0.004604906631193922;21_20:0.004840797022315962;21_22:0.0014409197761094672","21_36:0.0026413297861585805;21_20:0.0019583808254416968;21_22:0.003425410711857896","21_36:68;21_20:68;21_22:68","true"
"22","240.69947243716507","51.35453537835684","0.00732421875","0.01318359375","0.00146484375","2584","0.00032289028963715713","0.00032289028963715713","0","0.00032289028963715713","0.00032289028963715713","22_23:0.002496188028300844;22_21:0.0014409197761094672","22_23:0.005104158527529878;22_21:0.003425410711857896","22_23:68;22_21:68","true"
"23","299.3549396992749","232.66816437937172","0.029052734375","0.0400390625","0.01806640625","2584","0.00018008943433474864","0.00018008943433474864","0","0.00018008943433474864","0.00018008943433474864","23_22:0.002496188028300844;23_24:0.0048720222927510215;23_16:0.004983503092914815","23_22:0.005104158527529878;23_24:0.00850608255067084;23_16:0.0029772343075341046","23_22:68;23_24:68;23_16:68","true"
"24","143.14957044178897","61.41380792046198","0.0224609375","0.033203125","0.01171875","2584","0.000683063191966015","0.000683063191966015","0","0.000683063191966015","0.000683063191966015","24_23:0.0048720222927510215;24_25:0.005281609910312929","24_23:0.00850608255067084;24_25:0.006958640337045491","24_23:68;24_25:68","true"
"25","166.63795466983072","41.8715135878163","0.010498046875","0.01220703125","0.0087890625","2584","0.00047959102158463205","0.00047959102158463205","0","0.00047959102158463205","0.00047959102158463205","25_24:0.005281609910312929;25_26:0.01606882438221957;25_37:0.004193852230884254","25_24:0.006958640337045491;25_26:0.029528840877624474;25_37:0.005610229706350944","25_24:68;25_26:68;25_37:68","true"
"26","7.654724600347405","8.580486499110945","0.0390625","0.06201171875","0.01611328125","2584","0.002226773735428269","0.002226773735428269","0","0.002226773735428269","0.002226773735428269","26_25:0.01606882438221957;26_27:0.010768288170675572","26_25:0.029528840877624474;26_27:0.02826370785319815","26_25:68;26_27:68","true"
"27","148.34052162621623","83.91750291543956","0.027587890625","0.0263671875","0.02880859375","2584","0.0002967467125662618","0.0002967467125662618","0","0.0002967467125662618","0.0002967467125662618","27_26:0.010768288170675572;27_28:0.002376604728156595;27_17:0.0026957993818869375","27_26:0.02826370785319815;27_28:0.0028147061108775573;27_17:0.006361288622020483","27_26:68;27_28:68;27_17:68","true"
"28","195.08329213579378","95.3192986471957","0.0166015625","0.02734375","0.005859375","2584","0.0004380788045581427","0.0004380788045581427","0","0.0004380788045581427","0.0004380788045581427","28_27:0.002376604728156595;28_29:0.003433768201469678","28_27:0.0028147061108775573;28_29:0.0037022536557336505","28_27:68;28_29:68","true"
"29","166.32803371719467","98.39767395582956","0.006591796875","0.00732421875","0.005859375","2584","0.0002817564781382797","0.0002817564781382797","0","0.0002817564781382797","0.0002817564781382797","29_38:0.002252012391879804;29_28:0.003433768201469678;29_30:0.002157146396046361","29_38:0.005517721558556177;29_28:0.0037022536557336505;29_30:0.011417507798877707","29_38:68;29_28:68;29_30:68","true"
"30","213.26043516067688","69.60322232991271","0.00634765625","0.0107421875","0.001953125","2584","0.0006106080537862799","0.0006106080537862799","0","0.0006106080537862799","0.0006106080537862799","30_31:0.0033784701021809804;30_29:0.002157146396046361","30_31:0.008227769890474801;30_29:0.011417507798877707","30_31:68;30_29:68","true"
"31","173.3039158261299","49.825846459543726","0.021728515625","0.02685546875","0.0166015625","2584","0.00037797465526917903","0.00037797465526917903","0","0.00037797465526917903","0.00037797465526917903","31_30:0.0033784701021809804;31_32:0.003259454726563138;31_18:0.0036417880091366983","31_30:0.008227769890474801;31_32:0.004711258481126218;31_18:0.00332639914173552","31_30:68;31_32:68;31_18:68","true"
"32","307.96760631844415","33.95749204104471","0.006103515625","0.0078125","0.00439453125","2584","0.00041852460755064465","0.00041852460755064465","0","0.00041852460755064465","0.00041852460755064465","32_31:0.003259454726563138;32_33:0.0021290240740228505","32_31:0.004711258481126218;32_33:0.005110378404658944","32_31:68;32_33:68","true"
"33","141.4042828987735","156.24739640751702","0.01025390625","0.0205078125","0","2584","0.00017828283607591733","0.00017828283607591733","0","0.00017828283607591733","0.00017828283607591733","33_39:0.0014740686633410438;33_32:0.0021290240740228505;33_34:0.002825831691498193","33_39:0.0030483604883186632;33_32:0.005110378404658944;33_34:0.003862227508944549","33_39:68;33_32:68;33_34:68","true"
"34","213.41823333561547","141.32126310576072","0.004150390625","0.0078125","0.00048828125","2584","0.00023598709217878468","0.00023598709217878468","0","0.00023598709217878468","0.00023598709217878468","34_33:0.002825831691498193;34_35:0.002091706045649122","34_33:0.003862227508944549;34_35:0.0015986856000504701","34_33:68;34_35:68","true"
"35","378.8428714044896","535.4100235210967","0.008056640625","0.01025390625","0.005859375","2584","0.00022801880803337572","0.00022801880803337572","0","0.00022801880803337572","0.00022801880803337572","35_19:0.0020487373612323168;35_34:0.002091706045649122","35_19:0.0012183336611314988;35_34:0.0015986856000504701","35_19:80;35_34:68","true"
"36","215.7185537142534","47.30595641788799","0.00927734375","0.01611328125","0.00244140625","2584","0.0012720925185158703","0.0012720925185158703","0","0.0012720925185158703","0.0012720925185158703","36_41:0.00502265301413779;36_21:0.004604906631193922","36_41:0.0029155399390863312;36_21:0.0026413297861585805","36_41:68;36_21:68","true"
"37","238.8626726770139","40.14076585525947","0.009765625","0.01171875","0.0078125","2584","0.0011677839197311141","0.0011677839197311141","0","0.0011677839197311141","0.0011677839197311141","37_45:0.0046966576683910854;37_25:0.004193852230884254","37_45:0.008256389075678439;37_25:0.005610229706350944","37_45:68;37_25:68","true"
"38","100.97389188189395","68.19773847580453","0.0107421875","0.0146484375","0.0068359375","2584","0.0003983975345459695","0.0003983975345459695","0","0.0003983975345459695","0.0003983975345459695","38_29:0.002252012391879804;38_49:0.001973402620875725","38_29:0.005517721558556177;38_49:0.004006805527715207","38_29:68;38_49:68","true"
"39","135.56661928749395","109.5968750273887","0.016357421875","0.02880859375","0.00390625","2584","0.0006372251155731305","0.0006372251155731305","0","0.0006372251155731305","0.0006372251155731305","39_53:0.0017535047833428519;39_33:0.0014740686633410438","39_53:0.004125634129572231;39_33:0.0030483604883186632","39_53:68;39_33:68","true"
"40","104.204383882505","116.52464002858878","0.22607421875","0.13330078125","0.31884765625","2584","0.00026171493420242177","0.00026171493420242177","0","0.00026171493420242177","0.00026171493420242177","40_41:0.1196531534294986","40_41:0.01680450314905968","40_41:68","true"
"41","182.2406691912929","30.47491203690036","0.0048828125","0.0078125","0.001953125","2584","0.0007041993341747235","0.0007041993341747235","0","0.0007041993341747235","0.0007041993341747235","41_40:0.1196531534294986;41_42:0.0028446130196024266;41_36:0.00502265301413779","41_40:0.01680450314905968;41_42:0.0015840087291593141;41_36:0.0029155399390863312","41_40:68;41_42:68;41_36:68","true"
"42","105.83151592224363","84.48093328414838","0.0068359375","0.01025390625","0.00341796875","2584","0.00022556658751666747","0.00022556658751666747","0","0.00022556658751666747","0.00022556658751666747","42_41:0.0028446130196024266;42_43:0.007113136448809287","42_41:0.0015840087291593141;42_43:0.007053074616596017","42_41:68;42_43:68","true"
"43","270.4499638547007","109.19092012532803","0.006103515625","0.00830078125","0.00390625","2584","0.000433097284564416","0.000433097284564416","0","0.000433097284564416","0.000433097284564416","43_42:0.007113136448809287;43_56:0.005129525728302636;43_44:0.0014413714463395177","43_42:0.007053074616596017;43_56:0.0046206801287400345;43_44:0.0030593397171643777","43_42:68;43_56:68;43_44:68","true"
"44","263.0730144738202","246.26810742281816","0.0078125","0.013671875","0.001953125","2584","0.0004578465583763866","0.0004578465583763866","0","0.0004578465583763866","0.0004578465583763866","44_45:0.002055738260705625;44_43:0.0014413714463395177","44_45:0.0028806457559892307;44_43:0.0030593397171643777","44_45:68;44_43:68","true"
"45","127.23569434602949","110.42361245891362","0.003662109375","0.005859375","0.00146484375","2584","0.00030883223454279864","0.00030883223454279864","0","0.00030883223454279864","0.00030883223454279864","45_44:0.002055738260705625;45_46:0.002045928991942697;45_37:0.0046966576683910854","45_44:0.0028806457559892307;45_46:0.0013614976561166225;45_37:0.008256389075678439","45_44:68;45_46:68;45_37:68","true"
"46","261.1812560904176","137.93215467786487","0.009521484375","0.0166015625","0.00244140625","2584","0.0002692708592838469","0.0002692708592838469","0","0.0002692708592838469","0.0002692708592838469","46_45:0.002045928991942697;46_47:0.0015392293587705164","46_45:0.0013614976561166225;46_47:0.0033026824869670512","46_45:68;46_47:68","true"
"47","208.43368314560402","48.78353412188859","0.004638671875","0.0068359375","0.00244140625","2584","0.00022899139883987595","0.00022899139883987595","0","0.00022899139883987595","0.00022899139883987595","47_48:0.0035997540051815047;47_57:0.0015551289700603266;47_46:0.0015392293587705164","47_48:0.003176769838648952;47_57:0.0038876672032537862;47_46:0.0033026824869670512","47_48:68;47_57:68;47_46:68","true"
"48","259.725646703503","242.61681427289912","0.021240234375","0.03662109375","0.005859375","2584","0.0013866121080749788","0.0013866121080749788","0","0.0013866121080749788","0.0013866121080749788","48_47:0.0035997540051815047;48_49:0.003572288191667633","48_47:0.003176769838648952;48_49:0.003276179277387936","48_47:68;48_49:68","true"
"49","200.20178032472566","197.28988799165373","0.024658203125","0.04541015625","0.00390625","2584","0.0009261938686509922","0.0009261938686509922","0","0.0009261938686509922","0.0009261938686509922","49_48:0.003572288191667633;49_50:0.0019660359634456614;49_38:0.001973402620875725","49_48:0.003276179277387936;49_50:0.002642677083747963;49_38:0.004006805527715207","49_48:68;49_50:68;49_38:68","true"
"50","172.389786257508","168.55166868057228","0.0400390625","0.03125","0.048828125","2584","0.00020806122399486058","0.00020806122399486058","0","0.00020806122399486058","0.00020806122399486058","50_49:0.0019660359634456614;50_51:0.0022951826573378853","50_49:0.002642677083747963;50_51:0.002115293532284346","50_49:68;50_51:68","true"
"51","251.73862822559508","344.89432190330916","0.11279296875","0.18212890625","0.04345703125","2584","0.0006593763792052926","0.0006593763792052926","0","0.0006593763792052926","0.0006593763792052926","51_50:0.0022951826573378853;51_52:0.0027517282303496093;51_58:0.0020877956983915424","51_50:0.002115293532284346;51_52:0.0037444636591037472;51_58:0.006267787346790371","51_50:68;51_52:68;51_58:68","true"
"52","156.864326038312","145.72481326041824","0.008544921875","0.0107421875","0.00634765625","2584","0.000315212905371996","0.000315212905371996","0","0.000315212905371996","0.000315212905371996","52_51:0.0027517282303496093;52_53:0.0024366971872626098","52_51:0.0037444636591037472;52_53:0.004624102911774758","52_51:68;52_53:68","true"
"53","182.74970053985638","255.81563117926706","0.00390625","0.0068359375","0.0009765625","2584","0.00024327734225206658","0.00024327734225206658","0","0.00024327734225206658","0.00024327734225206658","53_39:0.0017535047833428519;53_52:0.0024366971872626098;53_54:0.0021257565340967177","53_39:0.004125634129572231;53_52:0.004624102911774758;53_54:0.003119251778079507","53_39:68;53_52:68;53_54:68","true"
"54","215.09808269543862","321.7060444909121","0.002685546875","0.0048828125","0.00048828125","2584","0.00015990165214782785","0.00015990165214782785","0","0.00015990165214782785","0.00015990165214782785","54_53:0.0021257565340967177;54_55:0.0016696520661019232","54_53:0.003119251778079507;54_55:0.0027902277233600448","54_53:68;54_55:68","true"
"55","236.2752114351243","71.87043045632565","0.01220703125","0.01318359375","0.01123046875","2584","0.00043783768537340934","0.00043783768537340934","0","0.00043783768537340934","0.00043783768537340934","55_59:0.0021306029119276815;55_54:0.0016696520661019232","55_59:0.003419421865705735;55_54:0.0027902277233600448","55_59:68;55_54:68","true"
"56","236.44648910978927","160.97968599208852","0.011474609375","0.017578125","0.00537109375","2584","0.0006522349338494537","0.0006522349338494537","0","0.0006522349338494537","0.0006522349338494537","56_63:0.006994083305804394;56_43:0.005129525728302636","56_63:0.003935690818555826;56_43:0.0046206801287400345","56_63:68;56_43:68","true"
"57","251.16441437694417","140.25678099564584","0.007568359375","0.0126953125","0.00244140625","2584","0.00029257720559427465","0.00029257720559427465","0","0.00029257720559427465","0.00029257720559427465","57_47:0.0015551289700603266;57_67:0.004704141364957698","57_47:0.0038876672032537862;57_67:0.004160320936330841","57_47:68;57_67:68","true"
"58","255.60730090313024","342.02451899945146","0.103759765625","0.12548828125","0.08203125","2584","0.00024044929202488415","0.00024044929202488415","0","0.00024044929202488415","0.00024044929202488415","58_71:0.0020969420606941624;58_51:0.0020877956983915424","58_71:1;58_51:0.006267787346790371","58_71:68;58_51:68","true"
"59","142.83873394927917","132.40075291128548","0.0146484375","0.02294921875","0.00634765625","2584","0.00029899748530447603","0.00029899748530447603","0","0.00029899748530447603","0.00029899748530447603","59_55:0.0021306029119276815;59_75:0.0021576344944522208","59_55:0.003419421865705735;59_75:0.00859667197710931","59_55:68;59_75:68","true"
"60","185.01773405373515","124.43642621218072","0.019775390625","0.025390625","0.01416015625","2584","0.00045718888382070215","0.00045718888382070215","0","0.00045718888382070215","0.00045718888382070215","60_61:0.009051076699786997","60_61:1","60_61:80","true"
"61","375.8954953723235","307.3099320236502","0.01171875","0.017578125","0.005859375","2584","0.00028018528622058056","0.00028018528622058056","0","0.00028018528622058056","0.00028018528622058056","61_76:0.0027773721689783593;61_60:0.009051076699786997;61_62:0.003964503260787566","61_76:0.0022713441185905625;61_60:1;61_62:0.003691409553845143","61_76:68;61_60:80;61_62:68","true"
"62","135.20175290000103","65.616824421648","0.449462890625","0.048828125","0.85009765625","2584","0.00025176709737516036","0.00025176709737516036","0","0.00025176709737516036","0.00025176709737516036","62_61:0.003964503260787566;62_63:0.0021293258543886306","62_61:0.003691409553845143;62_63:0.002833321148038831","62_61:68;62_63:68","true"
"63","205.1822223002602","176.3050947230213","0.038818359375","0.07373046875","0.00390625","2584","0.00024517186428013956","0.00024517186428013956","0","0.00024517186428013956","0.00024517186428013956","63_56:0.006994083305804394;63_62:0.0021293258543886306;63_64:0.005209645007511587","63_56:0.003935690818555826;63_62:0.002833321148038831;63_64:0.0037778380422826274","63_56:68;63_62:68;63_64:68","true"
"64","144.31911781138356","124.0744155116594","0.0087890625","0.01513671875","0.00244140625","2584","0.00042387487676364094","0.00042387487676364094","0","0.00042387487676364094","0.00042387487676364094","64_65:0.003884058408600205;64_63:0.005209645007511587","64_65:0.005495437504752065;64_63:0.0037778380422826274","64_65:68;64_63:68","true"
"65","212.8239037269994","68.09871565122171","0.005859375","0.01171875","0","2584","0.00028787154742459517","0.00028787154742459517","0","0.00028787154742459517","0.00028787154742459517","65_64:0.003884058408600205;65_66:0.002268672074835054;65_77:0.0032835998601928595","65_64:0.005495437504752065;65_66:0.003982444921916101;65_77:0.008215092331465612","65_64:68;65_66:68;65_77:68","true"
"66","115.60435523884341","31.418881970374503","0.006591796875","0.01318359375","0","2584","0.000409670496211895","0.000409670496211895","0","0.000409670496211895","0.000409670496211895","66_65:0.002268672074835054;66_67:0.0023916758147904393","66_65:0.003982444921916101;66_67:0.002459941920239933","66_65:68;66_67:68","true"
"67","232.57533853714855","59.874993713978235","0.009033203125","0.01220703125","0.005859375","2584","0.0001950362314877325","0.0001950362314877325","0","0.0001950362314877325","0.0001950362314877325","67_68:0.004158626030035972;67_57:0.004704141364957698;67_66:0.0023916758147904393","67_68:0.006329078408437161;67_57:0.004160320936330841;67_66:0.002459941920239933","67_68:68;67_57:68;67_66:68","true"
"68","86.55087360953954","14.906243894304291","0.011474609375","0.0185546875","0.00439453125","2584","0.00048352485860663033","0.00048352485860663033","0","0.00048352485860663033","0.00048352485860663033","68_67:0.004158626030035972;68_69:0.0033293081849789796","68_67:0.006329078408437161;68_69:0.006374210767754407","68_67:68;68_69:68","true"
"69","70.75662083695256","24.361958053584313","0.0419921875","0.0556640625","0.0283203125","2584","0.00023894315719054197","0.00023894315719054197","0","0.00023894315719054197","0.00023894315719054197","69_78:0.003654483537586295;69_68:0.0033293081849789796;69_70:0.0020259507728663806","69_78:0.0028939973373943717;69_68:0.006374210767754407;69_70:0.0017270893265019793","69_78:68;69_68:68;69_70:80","true"
"70","123.27966814223461","24.15560911466843","0.031005859375","0.05078125","0.01123046875","2584","0.00019841135655159674","0.00019841135655159674","0","0.00019841135655159674","0.00019841135655159674","70_69:0.0020259507728663806;70_71:0.0016754741378461335","70_69:0.0017270893265019793;70_71:0.0034992084146659164","70_69:80;70_71:68","true"
"71","164.8865860157365","197.56086702549493","0.01416015625","0.0263671875","0.001953125","2584","0.000172633217615243","0.000172633217615243","0","0.000172633217615243","0.000172633217615243","71_72:0.002861916838301337;71_58:0.0020969420606941624;71_70:0.0016754741378461335","71_72:0.01464459011738875;71_58:1;71_70:0.0034992084146659164","71_72:68;71_58:68;71_70:68","true"
"72","145.08882502229642","40.89314830619493","0.009765625","0.01806640625","0.00146484375","2584","0.0008477378065653693","0.0008477378065653693","0","0.0008477378065653693","0.0008477378065653693","72_73:0.0027784879300493115;72_71:0.002861916838301337","72_73:0.002819052831672414;72_71:0.01464459011738875","72_73:68;72_71:68","true"
"73","168.09795219390355","155.78791987161537","0.019775390625","0.03466796875","0.0048828125","2584","0.00037053814875404593","0.00037053814875404593","0","0.00037053814875404593","0.00037053814875404593","73_72:0.0027784879300493115;73_74:0.003077900111576215;73_79:0.002283012646058319","73_72:0.002819052831672414;73_74:0.0038667024588106835;73_79:0.0028874794373853485","73_72:68;73_74:68;73_79:68","true"
"74","88.20273795632642","14.668661396103223","0.02587890625","0.0244140625","0.02734375","2584","0.00023388871444252252","0.00023388871444252252","0","0.00023388871444252252","0.00023388871444252252","74_73:0.003077900111576215;74_75:0.002224582058038549","74_73:0.0038667024588106835;74_75:0.0025235265263669204","74_73:68;74_75:68","true"
"75","388.42314640764","185.48318319901185","0.004638671875","0.0087890625","0.00048828125","2584","0.00020840781646446388","0.00020840781646446388","0","0.00020840781646446388","0.00020840781646446388","75_59:0.0021576344944522208;75_74:0.002224582058038549","75_59:0.00859667197710931;75_74:0.0025235265263669204","75_59:68;75_74:68","true"
"76","142.04615315677808","59.48592917106323","0.01025390625","0.0126953125","0.0078125","2584","0.0002399645445179417","0.0002399645445179417","0","0.0002399645445179417","0.0002399645445179417","76_81:0.007283345858801915;76_61:0.0027773721689783593","76_81:0.008037876425528279;76_61:0.0022713441185905625","76_81:68;76_61:68","true"
"77","259.9888336899595","113.82853660695142","0.01220703125","0.021484375","0.0029296875","2584","0.0003897312254729684","0.0003897312254729684","0","0.0003897312254729684","0.0003897312254729684","77_85:0.004607492467287422;77_65:0.0032835998601928595","77_85:0.006618009315632001;77_65:0.008215092331465612","77_85:68;77_65:68","true"
"78","146.68219958899383","156.51456850845747","0.01220703125","0.021484375","0.0029296875","2584","0.0003704875367826222","0.0003704875367826222","0","0.0003704875367826222","0.0003704875367826222","78_69:0.003654483537586295;78_89:0.003275090476948239","78_69:0.0028939973373943717;78_89:0.0012429463109034644","78_69:68;78_89:68","true"
"79","119.94973863224348","41.49547441317216","0.09716796875","0.10302734375","0.09130859375","2584","0.0003068736637665539","0.0003068736637665539","0","0.0003068736637665539","0.0003068736637665539","79_93:0.002074567255416604;79_73:0.002283012646058319","79_93:0.0028136362022431194;79_73:0.0028874794373853485","79_93:68;79_73:68","true"
"80","170.8533004793901","39.345937580191155","0.0078125","0.013671875","0.001953125","2584","0.00027250863174550267","0.00027250863174550267","0","0.00027250863174550267","0.00027250863174550267","80_81:0.005120908384999373","80_81:0.006772175853283158","80_81:68","true"
"81","219.34771148557581","254.1415659142834","0.011474609375","0.0224609375","0.00048828125","2584","0.000250577242031479","0.000250577242031479","0","0.000250577242031479","0.000250577242031479","81_80:0.005120908384999373;81_82:0.008790305491485323;81_76:0.007283345858801915","81_80:0.006772175853283158;81_82:0.007669469506811105;81_76:0.008037876425528279","81_80:68;81_82:68;81_76:68","true"
"82","76.09231787535884","22.898227761716843","0.02197265625","0.03564453125","0.00830078125","2584","0.002469522202451398","0.002469522202451398","0","0.002469522202451398","0.002469522202451398","82_81:0.008790305491485323;82_83:0.025034792607597306","82_81:0.007669469506811105;82_83:1","82_81:68;82_83:68","true"
"83","223.68492043664315","205.93164291135878","0.076171875","0.12060546875","0.03173828125","2584","0.0003475208874936481","0.0003475208874936481","0","0.0003475208874936481","0.0003475208874936481","83_96:0.0030289805400840475;83_82:0.025034792607597306;83_84:0.00950157560315773","83_96:0.0060194296297176875;83_82:1;83_84:0.01134573594651403","83_96:68;83_82:68;83_84:68","true"
"84","211.39724145227174","156.35843440513702","0.024658203125","0.0478515625","0.00146484375","2584","0.0006562227318762","0.0006562227318762","0","0.0006562227318762","0.0006562227318762","84_83:0.00950157560315773;84_85:0.006826448785497402","84_83:0.01134573594651403;84_85:0.009387783006816475","84_83:68;84_85:68","true"
"85","158.72671191184892","66.92149705536376","0.005859375","0.0107421875","0.0009765625","2584","0.0004572108279271474","0.0004572108279271474","0","0.0004572108279271474","0.0004572108279271474","85_77:0.004607492467287422;85_86:0.002747559165071356;85_84:0.006826448785497402","85_77:0.006618009315632001;85_86:0.0058952402988224906;85_84:0.009387783006816475","85_77:68;85_86:68;85_84:68","true"
"86","284.00782433166694","52.40646506080894","0.00732421875","0.01220703125","0.00244140625","2584","0.00036425712052084536","0.00036425712052084536","0","0.00036425712052084536","0.00036425712052084536","86_85:0.002747559165071356;86_87:0.0020526412457948506","86_85:0.0058952402988224906;86_87:1","86_85:68;86_87:68","true"
"87","153.68266720384716","118.80620977657371","0.007080078125","0.0126953125","0.00146484375","2584","0.0002529316859833235","0.0002529316859833235","0","0.0002529316859833235","0.0002529316859833235","87_86:0.0020526412457948506;87_88:0.001510593909224034;87_97:0.0013604865587420467","87_86:1;87_88:0.003397220663074102;87_97:0.001636375745144275","87_86:68;87_88:68;87_97:68","true"
"88","240.5893894032627","193.75150398515896","0.019287109375","0.02490234375","0.013671875","2584","0.0002458147147583148","0.0002458147147583148","0","0.0002458147147583148","0.0002458147147583148","88_87:0.001510593909224034;88_89:0.0013935318966467602","88_87:0.003397220663074102;88_89:0.001657375467352229","88_87:68;88_89:68","true"
"89","126.47249907332727","91.13853013959795","0.00341796875","0.00439453125","0.00244140625","2584","0.00017344017160113995","0.00017344017160113995","0","0.00017344017160113995","0.00017344017160113995","89_90:0.007913316178823404;89_88:0.0013935318966467602;89_78:0.003275090476948239","89_90:0.021939416436701387;89_88:0.001657375467352229;89_78:0.0012429463109034644","89_90:68;89_88:68;89_78:68","true"
"90","14.132795274376798","55.81174252353932","0.203369140625","0.3798828125","0.02685546875","2584","0.02406616777586932","0.02406616777586932","0","0.02406616777586932","0.02406616777586932","90_89:0.007913316178823404;90_91:0.010173327325402881","90_89:0.021939416436701387;90_91:0.01935684567090873","90_89:68;90_91:80","true"
"91","126.39302353463117","212.21206262342866","0.008544921875","0.01416015625","0.0029296875","2584","0.0003716730871145227","0.0003716730871145227","0","0.0003716730871145227","0.0003716730871145227","91_98:0.004080910259757903;91_90:0.010173327325402881;91_92:0.0016721420957030164","91_98:0.0016886822827023584;91_90:0.01935684567090873;91_92:0.0030515358098379963","91_98:68;91_90:80;91_92:68","true"
"92","312.24998448244014","280.34091427702845","0.0029296875","0.00341796875","0.00244140625","2584","0.0002927927693941631","0.0002927927693941631","0","0.0002927927693941631","0.0002927927693941631","92_91:0.0016721420957030164;92_93:0.0021293320820620076","92_91:0.0030515358098379963;92_93:0.0024559743428023417","92_91:68;92_93:68","true"
"93","372.9537810549755","254.5313558951966","0.003662109375","0.00732421875","0","2584","0.00019483631120548276","0.00019483631120548276","0","0.00019483631120548276","0.00019483631120548276","93_94:0.002996701032769694;93_79:0.002074567255416604;93_92:0.0021293320820620076","93_94:0.0014203013137928933;93_79:0.0028136362022431194;93_92:0.0024559743428023417","93_94:68;93_79:68;93_92:68","true"
"94","289.2506364664184","256.1354620706355","0.014892578125","0.02587890625","0.00390625","2584","0.0001619806804173347","0.0001619806804173347","0","0.0001619806804173347","0.0001619806804173347","94_93:0.002996701032769694;94_95:0.002285170667366304","94_93:0.0014203013137928933;94_95:0.0023053696986797823","94_93:68;94_95:68","true"
"95","385.955550213247","534.9065471924675","0.008544921875","0.00634765625","0.0107421875","2584","0.0007587848944644975","0.0007587848944644975","0","0.0007587848944644975","0.0007587848944644975","95_99:0.002171042076051344;95_94:0.002285170667366304","95_99:0.012858958173771196;95_94:0.0023053696986797823","95_99:68;95_94:68","true"
"96","138.19898390415582","50.85345942913393","0.013671875","0.01806640625","0.00927734375","2584","0.0006415435429706005","0.0006415435429706005","0","0.0006415435429706005","0.0006415435429706005","96_83:0.0030289805400840475;96_103:0.0029047818066514075","96_83:0.0060194296297176875;96_103:0.00602931229058809","96_83:68;96_103:68","true"
"97","181.07527469427515","81.44484271892426","0.003173828125","0.005859375","0.00048828125","2584","0.00022353522898228468","0.00022353522898228468","0","0.00022353522898228468","0.00022353522898228468","97_87:0.0013604865587420467;97_107:0.0037170247886446073","97_87:0.001636375745144275;97_107:0.0036179155951121533","97_87:68;97_107:68","true"
"98","272.9865881068948","66.63807234514884","0.013916015625","0.01904296875","0.0087890625","2584","0.0005075759553787438","0.0005075759553787438","0","0.0005075759553787438","0.0005075759553787438","98_91:0.004080910259757903;98_111:0.003771171365540532","98_91:0.0016886822827023584;98_111:0.003493388846316642","98_91:68;98_111:68","true"
"99","102.70289493374679","22.67537167245857","0.0078125","0.015625","0","2584","0.00031243166222380444","0.00031243166222380444","0","0.00031243166222380444","0.00031243166222380444","99_115:0.0024211392053459235;99_95:0.002171042076051344","99_115:0.002144264561453002;99_95:0.012858958173771196","99_115:68;99_95:68","true"
"100","91.62019859075896","60.648468268108296","0.008544921875","0.0166015625","0.00048828125","2584","0.0010434701562037911","0.0010434701562037911","0","0.0010434701562037911","0.0010434701562037911","100_101:0.006185620630645761","100_101:0.006600966189394375","100_101:68","true"
"101","165.40941497870693","75.29747884901224","0.009521484375","0.0185546875","0.00048828125","2584","0.0004557137632827808","0.0004557137632827808","0","0.0004557137632827808","0.0004557137632827808","101_100:0.006185620630645761;101_116:0.0028531139954113827;101_102:0.003645320269601404","101_100:0.006600966189394375;101_116:0.0036534711500611494;101_102:1","101_100:68;101_116:68;101_102:68","true"
"102","87.91020105962168","70.24471839418312","0.009033203125","0.01611328125","0.001953125","2584","0.0006899903863699848","0.0006899903863699848","0","0.0006899903863699848","0.0006899903863699848","102_101:0.003645320269601404;102_103:0.003754301188588549","102_101:1;102_103:1","102_101:68;102_103:68","true"
"103","101.44406416170723","62.8087360307678","0.009521484375","0.0185546875","0.00048828125","2584","0.0008974556651537116","0.0008974556651537116","0","0.0008974556651537116","0.0008974556651537116","103_104:0.002248584622272398;103_96:0.0029047818066514075;103_102:0.003754301188588549","103_104:1;103_96:0.00602931229058809;103_102:1","103_104:68;103_96:68;103_102:68","true"
"104","359.3912703772038","244.19495136993746","0.00634765625","0.0087890625","0.00390625","2584","0.00022423196690069208","0.00022423196690069208","0","0.00022423196690069208","0.00022423196690069208","104_103:0.002248584622272398;104_105:0.002551164277520529","104_103:1;104_105:0.0029550387909307863","104_103:68;104_105:68","true"
"105","147.89709415750505","116.63199060265606","0.00341796875","0.0048828125","0.001953125","2584","0.0002389711130794588","0.0002389711130794588","0","0.0002389711130794588","0.0002389711130794588","105_104:0.002551164277520529;105_106:0.0022051185988335442;105_117:0.0036554210722004044","105_104:0.0029550387909307863;105_106:0.0033093908533972927;105_117:0.0034057461072552753","105_104:68;105_106:68;105_117:68","true"
"106","249.7066951422108","168.52222048605006","0.015625","0.01904296875","0.01220703125","2584","0.0002610772598128586","0.0002610772598128586","0","0.0002610772598128586","0.0002610772598128586","106_107:0.0035185317189232734;106_105:0.0022051185988335442","106_107:0.0019343942263096159;106_105:0.0033093908533972927","106_107:68;106_105:68","true"
"107","322.15998119053523","349.69463924832934","0.009765625","0.01611328125","0.00341796875","2584","0.00030997919144934644","0.00030997919144934644","0","0.00030997919144934644","0.00030997919144934644","107_106:0.0035185317189232734;107_108:0.0026042211014438432;107_97:0.0037170247886446073","107_106:0.0019343942263096159;107_108:0.0028565185163637874;107_97:0.0036179155951121533","107_106:68;107_108:68;107_97:68","true"
"108","198.4253506398906","165.4164535950993","0.013427734375","0.0263671875","0.00048828125","2584","0.0006872769074528267","0.0006872769074528267","0","0.0006872769074528267","0.0006872769074528267","108_107:0.0026042211014438432;108_109:0.001609162867688252","108_107:0.0028565185163637874;108_109:0.0027709175197574154","108_107:68;108_109:68","true"
"109","104.00902112523744","85.73008664463292","0.018798828125","0.015625","0.02197265625","2584","0.0003743382228881319","0.0003743382228881319","0","0.0003743382228881319","0.0003743382228881319","109_108:0.001609162867688252;109_110:0.0013478624833567487;109_118:0.0012337193891070186","109_108:0.0027709175197574154;109_110:0.0018537267266123814;109_118:1","109_108:68;109_110:68;109_118:68","true"
"110","292.5463195456904","255.8368386851554","0.0068359375","0.00830078125","0.00537109375","2584","0.00031747350231365587","0.00031747350231365587","0","0.00031747350231365587","0.00031747350231365587","110_109:0.0013478624833567487;110_111:0.001449998623327814","110_109:0.0018537267266123814;110_111:0.0012947193443514082","110_109:68;110_111:68","true"
"111","110.95468717345013","39.15724626359629","0.01025390625","0.01025390625","0.01025390625","2584","0.0001800351908537609","0.0001800351908537609","0","0.0001800351908537609","0.0001800351908537609","111_112:0.0016535508620418027;111_110:0.001449998623327814;111_98:0.003771171365540532","111_112:0.002473953006516705;111_110:0.0012947193443514082;111_98:0.003493388846316642","111_112:68;111_110:68;111_98:68","true"
"112","303.41376415796555","85.43735801157248","0.007080078125","0.01123046875","0.0029296875","2584","0.00033576279867068235","0.00033576279867068235","0","0.00033576279867068235","0.00033576279867068235","112_111:0.0016535508620418027;112_113:1","112_111:0.002473953006516705;112_113:1","112_111:68;112_113:68","true"
"113","181.42571482535888","121.1111020107495","0.203125","0.37744140625","0.02880859375","2584","1","1","0","1","1","113_119:1;113_112:1;113_114:0.03431991072108509","113_119:1;113_112:1;113_114:1","113_119:68;113_112:68;113_114:68","true"
"114","322.2751014709533","168.453037558689","0.004150390625","0.00732421875","0.0009765625","2584","0.0001519531007777602","0.0001519531007777602","0","0.0001519531007777602","0.0001519531007777602","114_115:0.002039799906631584;114_113:0.03431991072108509","114_115:0.0018613897454291817;114_113:1","114_115:68;114_113:68","true"
"115","201.681806337251","81.60742538807715","0.007080078125","0.0078125","0.00634765625","2584","0.00014968285817201934","0.00014968285817201934","0","0.00014968285817201934","0.00014968285817201934","115_99:0.0024211392053459235;115_114:0.002039799906631584","115_99:0.002144264561453002;115_114:0.0018613897454291817","115_99:68;115_114:68","true"
"116","76.04972111153457","96.03464955415797","0.009765625","0.0185546875","0.0009765625","2584","0.0009586614468409003","0.0009586614468409003","0","0.0009586614468409003","0.0009586614468409003","116_101:0.0028531139954113827;116_121:0.0025471736577415693","116_101:0.0036534711500611494;116_121:0.0030352980221769743","116_101:68;116_121:68","true"
"117","255.02155739938226","13.383025029208065","0.008056640625","0.01220703125","0.00390625","2584","0.00047872728217451555","0.00047872728217451555","0","0.00047872728217451555","0.00047872728217451555","117_105:0.0036554210722004044;117_125:0.003976085962720977","117_105:0.0034057461072552753;117_125:0.005990722492715483","117_105:68;117_125:68","true"
"118","166.67189031184793","51.42159858051399","0.00830078125","0.01220703125","0.00439453125","2584","0.0002098770108652807","0.0002098770108652807","0","0.0002098770108652807","0.0002098770108652807","118_109:0.0012337193891070186;118_129:0.0011934035091702988","118_109:1;118_129:1","118_109:68;118_129:68","true"
"119","213.3282191029946","22.528303930832447","0.209228515625","0.4169921875","0.00146484375","2584","1","1","0","1","1","119_113:1;119_133:1","119_113:1;119_133:0.012361348550713663","119_113:68;119_133:68","true"
"120","222.49794567740713","77.86505902414181","0.01123046875","0.021484375","0.0009765625","2584","0.0002679973833142585","0.0002679973833142585","0","0.0002679973833142585","0.0002679973833142585","120_121:0.0016270046672635097","120_121:0.002527710589804971","120_121:68","true"
"121","256.9009478388423","277.16579290851206","0.019775390625","0.0380859375","0.00146484375","2584","0.0004270406818486722","0.0004270406818486722","0","0.0004270406818486722","0.0004270406818486722","121_120:0.0016270046672635097;121_122:0.0024693174327381495;121_116:0.0025471736577415693","121_120:0.002527710589804971;121_122:0.0036285632247881894;121_116:0.0030352980221769743","121_120:68;121_122:80;121_116:68","true"
"122","284.8611592188286","24.138727165619443","0.004150390625","0.00732421875","0.0009765625","2584","0.0003972269978552352","0.0003972269978552352","0","0.0003972269978552352","0.0003972269978552352","122_121:0.0024693174327381495;122_123:0.002011109562727542","122_121:0.0036285632247881894;122_123:0.0029570613776505883","122_121:80;122_123:68","true"
"123","216.20204827417527","116.29629746473503","0.0087890625","0.0146484375","0.0029296875","2584","0.0003517848659968882","0.0003517848659968882","0","0.0003517848659968882","0.0003517848659968882","123_136:0.0025322420234601406;123_124:0.004127162782371324;123_122:0.002011109562727542","123_136:0.0030277878251654955;123_124:0.005721120973247201;123_122:0.0029570613776505883","123_136:68;123_124:68;123_122:68","true"
"124","133.30937427071726","127.45650347356349","0.003662109375","0.00732421875","0","2584","0.0003826339887546563","0.0003826339887546563","0","0.0003826339887546563","0.0003826339887546563","124_123:0.004127162782371324;124_125:0.004104170720981459","124_123:0.005721120973247201;124_125:0.004408654061882844","124_123:68;124_125:68","true"
"125","145.5160306489447","54.973738629549324","0.0087890625","0.01611328125","0.00146484375","2584","0.00036248714956036804","0.00036248714956036804","0","0.00036248714956036804","0.00036248714956036804","125_117:0.003976085962720977;125_124:0.004104170720981459;125_126:0.0035591704480611164","125_117:0.005990722492715483;125_124:0.004408654061882844;125_126:0.010602958507184929","125_117:68;125_124:68;125_126:68","true"
"126","159.38363403381803","26.796332977478535","0.0068359375","0.01123046875","0.00244140625","2584","0.00045473855470506795","0.00045473855470506795","0","0.00045473855470506795","0.00045473855470506795","126_127:0.009447140706520557;126_125:0.0035591704480611164","126_127:0.004346622171235076;126_125:0.010602958507184929","126_127:68;126_125:68","true"
"127","271.2790330754512","13.477076381296603","0.022705078125","0.025390625","0.02001953125","2584","0.0003428262212143692","0.0003428262212143692","0","0.0003428262212143692","0.0003428262212143692","127_126:0.009447140706520557;127_128:0.0017133227212237923;127_137:0.005605861568745846","127_126:0.004346622171235076;127_128:0.004452950806704908;127_137:0.004363674454277933","127_126:68;127_128:68;127_137:68","true"
"128","315.6108843210433","371.6283838827116","0.0068359375","0.0068359375","0.0068359375","2584","0.0004542881167226282","0.0004542881167226282","0","0.0004542881167226282","0.0004542881167226282","128_127:0.0017133227212237923;128_129:0.0016163658527183489","128_127:0.004452950806704908;128_129:0.0018209381285794468","128_127:68;128_129:68","true"
"129","317.6209823984994","243.98154611216262","0.002685546875","0.00341796875","0.001953125","2584","0.00023657608303245538","0.00023657608303245538","0","0.00023657608303245538","0.00023657608303245538","129_130:0.01961576292842529;129_128:0.0016163658527183489;129_118:0.0011934035091702988","129_130:0.006259706149887384;129_128:0.0018209381285794468;129_118:1","129_130:68;129_128:68;129_118:68","true"
"130","319.5118560485048","56.60624399516359","0.1357421875","0.1171875","0.154296875","2584","0.00026848208193217904","0.00026848208193217904","0","0.00026848208193217904","0.00026848208193217904","130_129:0.01961576292842529;130_131:0.0019866965076563714","130_129:0.006259706149887384;130_131:0.0018548353466186773","130_129:68;130_131:68","true"
"131","319.13608878003845","212.726370075229","0.0087890625","0.01416015625","0.00341796875","2584","0.00035319713411273185","0.00035319713411273185","0","0.00035319713411273185","0.00035319713411273185","131_138:0.0019057089065710187;131_130:0.0019866965076563714;131_132:0.0013697376533285122","131_138:0.003117314491681261;131_130:0.0018548353466186773;131_132:0.003864456804724997","131_138:68;131_130:68;131_132:68","true"
"132","253.63575100068405","95.19667595044989","0.010009765625","0.0185546875","0.00146484375","2584","0.00024277036690530622","0.00024277036690530622","0","0.00024277036690530622","0.00024277036690530622","132_133:0.0018560195041257832;132_131:0.0013697376533285122","132_133:0.0015741722572864825;132_131:0.003864456804724997","132_133:68;132_131:68","true"
"133","356.11547219348404","324.2461513517057","0.0146484375","0.02783203125","0.00146484375","2584","0.0003343408595322742","0.0003343408595322742","0","0.0003343408595322742","0.0003343408595322742","133_132:0.0018560195041257832;133_134:0.0032340665567936466;133_119:1","133_132:0.0015741722572864825;133_134:0.0032322716529027684;133_119:0.012361348550713663","133_132:68;133_134:80;133_119:68","true"
"134","362.12261298258016","187.0264424103408","0.004638671875","0.00634765625","0.0029296875","2584","0.0003948395657930893","0.0003948395657930893","0","0.0003948395657930893","0.0003948395657930893","134_133:0.0032340665567936466;134_135:0.002844942726715455","134_133:0.0032322716529027684;134_135:0.003823895211893108","134_133:80;134_135:68","true"
"135","364.91233478061235","84.48848800076483","0.088623046875","0.0576171875","0.11962890625","2584","0.00012012877885525403","0.00012012877885525403","0","0.00012012877885525403","0.00012012877885525403","135_134:0.002844942726715455;135_139:0.0018186769410770132","135_134:0.003823895211893108;135_139:0.0012852701032732838","135_134:68;135_139:68","true"
"136","258.42216081002783","88.81745310073114","0.004638671875","0.0068359375","0.00244140625","2584","0.0003499492397391807","0.0003499492397391807","0","0.0003499492397391807","0.0003499492397391807","136_123:0.0025322420234601406;136_143:0.0017591611362059445","136_123:0.0030277878251654955;136_143:0.002822041444912632","136_123:68;136_143:68","true"
"137","157.94503919948016","81.58437344085512","0.00537109375","0.0107421875","0","2584","0.0006431899004204007","0.0006431899004204007","0","0.0006431899004204007","0.0006431899004204007","137_147:0.002843605026643492;137_127:0.005605861568745846","137_147:0.0031933542317131858;137_127:0.004363674454277933","137_147:68;137_127:68","true"
"138","203.49468231953563","160.9634734591701","0.0048828125","0.005859375","0.00390625","2584","0.0005121620629857225","0.0005121620629857225","0","0.0005121620629857225","0.0005121620629857225","138_151:0.002307866512487239;138_131:0.0019057089065710187","138_151:0.004411198303514913;138_131:0.003117314491681261","138_151:68;138_131:68","true"
"139","141.18407863703234","208.45111748465192","0.00390625","0.00634765625","0.00146484375","2584","0.00015311260966467783","0.00015311260966467783","0","0.00015311260966467783","0.00015311260966467783","139_155:0.030133038037746918;139_135:0.0018186769410770132","139_155:0.009135383307360412;139_135:0.0012852701032732838","139_155:80;139_135:68","true"
"140","306.3530801385618","11.021436246966527","0.00439453125","0.00732421875","0.00146484375","2584","0.0001905796980614502","0.0001905796980614502","0","0.0001905796980614502","0.0001905796980614502","140_141:0.0016787901026727725","140_141:0.0022664843277478697","140_141:68","true"
"141","359.4774518436336","341.0167971304567","0.005615234375","0.0068359375","0.00439453125","2584","0.0006583937308951004","0.0006583937308951004","0","0.0006583937308951004","0.0006583937308951004","141_140:0.0016787901026727725;141_142:0.0017399197909654107","141_140:0.0022664843277478697;141_142:0.007644311536310927","141_140:68;141_142:68","true"
"142","219.6349210540015","212.31634563380942","0.00537109375","0.009765625","0.0009765625","2584","0.000320541148858776","0.000320541148858776","0","0.000320541148858776","0.000320541148858776","142_143:0.0015597713231874921;142_141:0.0017399197909654107","142_143:0.0032119558530757653;142_141:0.007644311536310927","142_143:68;142_141:68","true"
"143","156.8943177112779","68.7396249850977","0.004150390625","0.0078125","0.00048828125","2584","0.0003503179831851786","0.0003503179831851786","0","0.0003503179831851786","0.0003503179831851786","143_142:0.0015597713231874921;143_144:0.002085865101652068;143_136:0.0017591611362059445","143_142:0.0032119558530757653;143_144:0.005788605637204486;143_136:0.002822041444912632","143_142:68;143_144:68;143_136:68","true"
"144","100.16029993604809","35.01594196675489","0.00830078125","0.0166015625","0","2584","0.0007545947344303048","0.0007545947344303048","0","0.0007545947344303048","0.0007545947344303048","144_145:0.002432728350629104;144_143:0.002085865101652068","144_145:0.00397317400923336;144_143:0.005788605637204486","144_145:68;144_143:68","true"
"145","172.44025803650547","172.53429036932667","0.046630859375","0.09033203125","0.0029296875","2584","0.00020375200684875604","0.00020375200684875604","0","0.00020375200684875604","0.00020375200684875604","145_144:0.002432728350629104;145_146:0.0014932766618448723","145_144:0.00397317400923336;145_146:0.004247291195735525","145_144:68;145_146:68","true"
"146","175.42349217785457","66.93955047960341","0.002197265625","0.00439453125","0","2584","0.00021654016198825927","0.00021654016198825927","0","0.00021654016198825927","0.00021654016198825927","146_145:0.0014932766618448723;146_147:0.004388443741123682","146_145:0.004247291195735525;146_147:0.00378813185968202","146_145:68;146_147:68","true"
"147","339.3473899019037","75.97425368821347","0.004150390625","0.00537109375","0.0029296875","2584","0.0001592833395608017","0.0001592833395608017","0","0.0001592833395608017","0.0001592833395608017","147_148:0.011903572005331792;147_137:0.002843605026643492;147_146:0.004388443741123682","147_148:0.007689197696690214;147_137:0.0031933542317131858;147_146:0.00378813185968202","147_148:68;147_137:68;147_146:68","true"
"148","240.5116607621695","132.36521561717385","0.001708984375","0.00341796875","0","2584","0.00021318493521653252","0.00021318493521653252","0","0.00021318493521653252","0.00021318493521653252","148_147:0.011903572005331792;148_149:0.0016744916844474156","148_147:0.007689197696690214;148_149:0.003983962263927943","148_147:68;148_149:68","true"
"149","177.5226503650394","105.0395931252584","0.003173828125","0.0048828125","0.00146484375","2584","0.00020585634718763268","0.00020585634718763268","0","0.00020585634718763268","0.00020585634718763268","149_150:0.008910340891034652;149_148:0.0016744916844474156","149_150:0.0026387893345892477;149_148:0.003983962263927943","149_150:68;149_148:68","true"
"150","154.88492490731022","163.52545084656865","0.018798828125","0.03466796875","0.0029296875","2584","0.00027575099545232214","0.00027575099545232214","0","0.00027575099545232214","0.00027575099545232214","150_149:0.008910340891034652;150_151:0.003153125415500807","150_149:0.0026387893345892477;150_151:0.003328157867956233","150_149:68;150_151:68","true"
"151","159.80546511484806","75.48372594000264","0.005859375","0.01123046875","0.00048828125","2584","0.0004034568951440699","0.0004034568951440699","0","0.0004034568951440699","0.0004034568951440699","151_138:0.002307866512487239;151_152:0.02746113344147838;151_150:0.003153125415500807","151_138:0.004411198303514913;151_152:0.02737932931641862;151_150:0.003328157867956233","151_138:68;151_152:68;151_150:68","true"
"152","130.52856788034265","89.35691784051514","0.016845703125","0.01318359375","0.0205078125","2584","0.000281701478201166","0.000281701478201166","0","0.000281701478201166","0.000281701478201166","152_151:0.02746113344147838;152_153:0.0031744290505448525","152_151:0.02737932931641862;152_153:0.0025457593573115778","152_151:68;152_153:68","true"
"153","155.69681880154835","176.42040225767235","0.00537109375","0.009765625","0.0009765625","2584","0.0004410483667257914","0.0004410483667257914","0","0.0004410483667257914","0.0004410483667257914","153_152:0.0031744290505448525;153_154:0.1055663802124826","153_152:0.0025457593573115778;153_154:0.01912601085622953","153_152:68;153_154:68","true"
"154","333.1215440323372","16.815918704257523","0.013427734375","0.01123046875","0.015625","2584","0.0004595594933817121","0.0004595594933817121","0","0.0004595594933817121","0.0004595594933817121","154_153:0.1055663802124826;154_155:0.003622546836412166","154_153:0.01912601085622953;154_155:0.0018443847156723592","154_153:68;154_155:68","true"
"155","441.15585872561365","185.79332548886984","0.005859375","0.01025390625","0.00146484375","2584","0.0002194595972580741","0.0002194595972580741","0","0.0002194595972580741","0.0002194595972580741","155_139:0.030133038037746918;155_154:0.003622546836412166","155_139:0.009135383307360412;155_154:0.0018443847156723592","155_139:80;155_154:68","true"