"Qubit","T1 (us)","T2 (us)","Frequency (GHz)","Anharmonicity (GHz)","Readout assignment error ","Prob meas0 prep1 ","Prob meas1 prep0 ","Readout length (ns)","ID error ","Z-axis rotation (rz) error ","√x (sx) error ","Pauli-X error ","ECR error ","Gate time (ns)","Operational"
"0","274.70231022708015","55.38143691020302","4.7219057784834355","-0.31197865973435573","0.02978515625","0.02880859375","0.03076171875","1300","0.0001906831280410154","0","0.0001906831280410154","0.0001906831280410154","","","true"
"1","359.6793522150383","266.6994579412773","4.815073597111181","-0.3097440319777085","0.025634765625","0.02294921875","0.0283203125","1300","0.00013946988902974433","0","0.00013946988902974433","0.00013946988902974433","1_0:0.004183798804036992","1_0:660","true"
"2","161.9219514497604","301.0604524660371","4.609658268624267","-0.3090875180776862","0.046142578125","0.06787109375","0.0244140625","1300","0.00022707860473333922","0","0.00022707860473333922","0.00022707860473333922","2_1:0.003945107240421908","2_1:660","true"
"3","279.69879500859537","327.93795073361457","4.875547930498282","-0.30968652168552707","0.028076171875","0.0126953125","0.04345703125","1300","0.0003273383702686038","0","0.0003273383702686038","0.0003273383702686038","3_2:0.005552389372064592","3_2:660","true"
"4","257.72661027515494","244.58075802059778","4.818204965860423","-0.3103713081153928","0.02001953125","0.0146484375","0.025390625","1300","0.0002369130465304253","0","0.0002369130465304253","0.0002369130465304253","4_15:0.0060241420474340945;4_3:0.008937823555606739;4_5:0.003715706688892012","4_15:660;4_3:660;4_5:660","true"
"5","239.1480736195066","258.06321878796007","4.734133722792004","-0.3114518235315779","0.0078125","0.01123046875","0.00439453125","1300","0.0002644919616771935","0","0.0002644919616771935","0.0002644919616771935","","","true"
"6","316.9011290998717","94.0363786000049","4.876257972164618","-0.30918835047116894","0.010986328125","0.0087890625","0.01318359375","1300","0.00017595992234912546","0","0.00017595992234912546","0.00017595992234912546","6_5:0.005748271646357828;6_7:0.003976915558330685","6_5:660;6_7:660","true"
"7","232.49015074192084","271.33641736979246","4.967501887774857","-0.30745739300983294","0.0087890625","0.00927734375","0.00830078125","1300","0.00033195181281478844","0","0.00033195181281478844","0.00033195181281478844","7_8:0.004037487525009015","7_8:660","true"
"8","398.59785186846494","244.24203783603636","4.902440457239858","-0.30837827664687645","0.0107421875","0.0078125","0.013671875","1300","0.0001442123102146256","0","0.0001442123102146256","0.0001442123102146256","8_9:0.007025507697460881","8_9:660","true"
"9","352.85288918471485","88.73985290113794","4.987232917175966","-0.3080310587566364","0.023193359375","0.0185546875","0.02783203125","1300","0.00027319948380981037","0","0.00027319948380981037","0.00027319948380981037","","","true"
"10","307.91652670915886","212.49909439232408","4.83152587678292","-0.3097434424405673","0.01318359375","0.0087890625","0.017578125","1300","0.00009367890667718744","0","0.00009367890667718744","0.00009367890667718744","10_9:0.005677750129090747;10_11:0.0072958924200645925","10_9:660;10_11:660","true"
"11","161.02174740918267","206.12137875557298","4.97238713177341","-0.307214316560019","0.03466796875","0.0322265625","0.037109375","1300","0.00021412360746162376","0","0.00021412360746162376","0.00021412360746162376","11_12:0.0055110249084315","11_12:660","true"
"12","188.0303830645826","83.5803198342826","4.936316168173382","-0.3079608272575031","0.014892578125","0.01171875","0.01806640625","1300","0.00024568575353668904","0","0.00024568575353668904","0.00024568575353668904","12_17:0.007083915391437906","12_17:660","true"
"13","332.8589500244278","78.45848759542567","5.005803969153406","-0.3067650398842775","0.01513671875","0.0107421875","0.01953125","1300","0.00021959563001396675","0","0.00021959563001396675","0.00021959563001396675","13_12:0.007792112464671597","13_12:660","true"
"14","283.9519411504214","105.1131707471977","4.903352880719666","-0.308419961199297","0.018310546875","0.01611328125","0.0205078125","1300","0.00023483579110049061","0","0.00023483579110049061","0.00023483579110049061","14_0:0.006051690155396722;14_18:0.006424481350519762","14_0:660;14_18:660","true"
"15","315.21962382397925","40.49891426880705","4.94791673853564","-0.308052427832017","0.01171875","0.009765625","0.013671875","1300","0.00021086207238436627","0","0.00021086207238436627","0.00021086207238436627","15_22:0.006157999475994519","15_22:660","true"
"16","167.8850494643118","14.992945397439419","4.960340866210202","-0.3076594514774509","0.021240234375","0.017578125","0.02490234375","1300","0.0003793688898269839","0","0.0003793688898269839","0.0003793688898269839","16_8:0.0052537021387852045;16_26:0.005775957234180784","16_8:660;16_26:660","true"
"17","301.7545606896941","194.52834946271693","4.820788012788368","-0.30970435909943395","0.012451171875","0.0087890625","0.01611328125","1300","0.00016505579846284974","0","0.00016505579846284974","0.00016505579846284974","17_30:0.007264755413413482","17_30:660","true"
"18","237.40923839669642","115.44358657494506","4.788133383626516","-0.31063598977187784","0.011962890625","0.01513671875","0.0087890625","1300","0.00025313839419503184","0","0.00025313839419503184","0.00025313839419503184","18_19:0.005075747533173719","18_19:660","true"
"19","359.20911892816184","167.5154900875924","4.747093505639028","-0.31072395279331844","0.012939453125","0.01318359375","0.0126953125","1300","0.0001968174063035712","0","0.0001968174063035712","0.0001968174063035712","","","true"
"20","219.25548877116046","168.93416990558393","4.862350692754482","-0.3090978906556921","0.0234375","0.01220703125","0.03466796875","1300","0.00048739602488541683","0","0.00048739602488541683","0.00048739602488541683","20_33:0.04661331755461404;20_19:0.007537351529545155","20_33:660;20_19:660","true"
"21","264.4276518440222","122.88996026313916","4.966497098511458","-0.30694839478531033","0.010986328125","0.0107421875","0.01123046875","1300","0.0002167328188667537","0","0.0002167328188667537","0.0002167328188667537","21_20:0.0076150508692318375;21_22:0.00472856552030082","21_20:660;21_22:660","true"
"22","224.11430590394906","208.6780540377231","5.03819380976359","-0.3065535436677073","0.007568359375","0.0068359375","0.00830078125","1300","0.00021910324929380552","0","0.00021910324929380552","0.00021910324929380552","22_23:0.005181876154556259","22_23:660","true"
"23","254.86065515704416","117.5582984083107","4.844967712962517","-0.309395699354676","0.0126953125","0.00927734375","0.01611328125","1300","0.00021156354643841704","0","0.00021156354643841704","0.00021156354643841704","","","true"
"24","225.3144330901309","127.92835418357038","5.1007997302132075","-0.3054983979252499","0.15771484375","0.14306640625","0.17236328125","1300","0.00026917930645529097","0","0.00026917930645529097","0.00026917930645529097","24_23:0.007245737421292281;24_34:0.2481155353079643","24_23:660;24_34:660","true"
"25","144.7118604930778","69.37789418343658","4.94522076215947","-0.3084275156167526","0.01953125","0.01171875","0.02734375","1300","0.00023256871043425122","0","0.00023256871043425122","0.00023256871043425122","25_24:0.0050203772574432814","25_24:660","true"
"26","317.1815384858843","220.11597271023018","4.854117577310016","-0.30976922795032275","0.024169921875","0.0078125","0.04052734375","1300","0.00016231483150933786","0","0.00016231483150933786","0.00016231483150933786","26_25:0.008037742806932757","26_25:660","true"
"27","363.82169340405585","314.42502357006344","4.747651462215024","-0.31027519414312993","0.033935546875","0.0185546875","0.04931640625","1300","0.00011214804962379654","0","0.00011214804962379654","0.00011214804962379654","27_26:0.0032565742895185046","27_26:660","true"
"28","208.19742292792262","100.58859636131369","4.99439664994589","-0.3073714140177614","0.013671875","0.0078125","0.01953125","1300","0.00023881905318718827","0","0.00023881905318718827","0.00023881905318718827","28_27:0.006350598029131349;28_29:0.0050389027069102366;28_35:0.006091420838532757","28_27:660;28_29:660;28_35:660","true"
"29","311.05576554471054","294.2691288162833","4.628640897272525","-0.3122408870668324","0.033203125","0.041015625","0.025390625","1300","0.00013086246935844434","0","0.00013086246935844434","0.00013086246935844434","","","true"
"30","230.41181001625284","58.99785500529834","4.732974178946783","-0.31090012417705765","0.017578125","0.015625","0.01953125","1300","0.00021313821589196338","0","0.00021313821589196338","0.00021313821589196338","30_29:0.0054190964334027425;30_31:0.005744364539751912","30_29:660;30_31:660","true"
"31","282.3178986597623","54.01231637400367","4.797605577662023","-0.31025628620305007","0.012451171875","0.01220703125","0.0126953125","1300","0.00017344199480555936","0","0.00017344199480555936","0.00017344199480555936","31_32:0.00405673093840786","31_32:660","true"
"32","326.90416099240934","405.1820521511935","4.910380515371227","-0.3078794303810588","0.01220703125","0.00927734375","0.01513671875","1300","0.00017117507153671186","0","0.00017117507153671186","0.00017117507153671186","32_36:0.003268679697092436","32_36:660","true"
"33","173.94142856656424","130.68434485082219","4.973180896394168","-0.3075486854907048","0.018310546875","0.025390625","0.01123046875","1300","0.01323996830972269","0","0.01323996830972269","0.01323996830972269","33_39:0.0993519886214465","33_39:660","true"
"34","295.24227546965744","115.89819384420126","4.678647041001685","-0.3124338462946453","0.025390625","0.02685546875","0.02392578125","1300","0.00015996892854440236","0","0.00015996892854440236","0.00015996892854440236","34_43:0.014424111979777221","34_43:660","true"
"35","282.732245722636","145.177455350549","4.907596270564682","-0.308301773576246","0.01708984375","0.01513671875","0.01904296875","1300","0.0002648303253487457","0","0.0002648303253487457","0.0002648303253487457","35_47:0.00631178729955198","35_47:660","true"
"36","314.95201387100843","424.71395861687273","4.812310284424935","-0.31175120998201256","0.011474609375","0.0107421875","0.01220703125","1300","0.0001228536541871794","0","0.0001228536541871794","0.0001228536541871794","36_51:0.004831182494898417","36_51:660","true"
"37","195.95916375399418","98.51802592401602","4.83787618478991","-0.30886995110205334","0.01171875","0.0087890625","0.0146484375","1300","0.0001856464172214393","0","0.0001856464172214393","0.0001856464172214393","37_38:0.004572296115956331","37_38:660","true"
"38","176.93028466942988","115.48172837362142","4.776672037943258","-0.31016511917022377","0.015869140625","0.00927734375","0.0224609375","1300","0.00022833214612833448","0","0.00022833214612833448","0.00022833214612833448","","","true"
"39","195.68587427587536","125.9569445330118","4.917331444180268","-0.30824769981735706","0.04296875","0.00537109375","0.08056640625","1300","0.00015224385039786884","0","0.00015224385039786884","0.00015224385039786884","39_38:0.005199912487912267","39_38:660","true"
"40","286.3315903972392","36.00065364025934","4.868228987727042","-0.30859152479413265","0.015625","0.01513671875","0.01611328125","1300","0.00016384290139353355","0","0.00016384290139353355","0.00016384290139353355","40_41:0.005142146921698454;40_39:0.005755730646037904","40_41:660;40_39:660","true"
"41","126.15758534459556","179.88701324195085","4.93553883581472","-0.30862641143413133","0.007080078125","0.0048828125","0.00927734375","1300","0.00022648765833637946","0","0.00022648765833637946","0.00022648765833637946","41_53:0.004726944483616102","41_53:660","true"
"42","253.5849188791781","140.97893966337207","5.063931727488216","-0.3066601274184393","0.01025390625","0.01220703125","0.00830078125","1300","0.00023084580073092745","0","0.00023084580073092745","0.00023084580073092745","42_41:0.005598557046422092;42_43:0.013676739872899413","42_41:660;42_43:660","true"
"43","102.75684072500344","60.17581296453077","4.829544641755511","-0.3101290706249939","0.017822265625","0.02001953125","0.015625","1300","0.0008371957368348579","0","0.0008371957368348579","0.0008371957368348579","43_44:0.021795764746183943","43_44:660","true"
"44","274.65311325452853","17.262511962527626","4.949165100065278","-0.3085061819189273","0.017333984375","0.01416015625","0.0205078125","1300","0.00053232901260331","0","0.00053232901260331","0.00053232901260331","44_45:0.01750079129108781","44_45:660","true"
"45","118.97171561821571","23.305555005736288","4.999581331816868","-0.35905492913025383","0.07177734375","0.0947265625","0.048828125","1300","0.0012552101921414793","0","0.0012552101921414793","0.0012552101921414793","","","true"
"46","289.0229397107899","231.71918387784527","4.85313772929482","-0.3093752065131216","0.01513671875","0.0126953125","0.017578125","1300","0.00023701877868665587","0","0.00023701877868665587","0.00023701877868665587","46_45:0.034244330115387994;46_47:0.005328944088870913","46_45:660;46_47:660","true"
"47","195.87167659971652","195.72112465465915","4.769547931297808","-0.3109329882546267","0.0048828125","0.0068359375","0.0029296875","1300","0.00022452295694657586","0","0.00022452295694657586","0.00022452295694657586","","","true"
"48","216.08121131369364","94.03061636058256","4.844171043043371","-0.3101551740988557","0.01708984375","0.01611328125","0.01806640625","1300","0.00021235210255849952","0","0.00021235210255849952","0.00021235210255849952","48_47:0.005155142460053969;48_49:0.006071367664337746","48_47:660;48_49:660","true"
"49","319.65793441808734","150.18910344879254","4.69733357966246","-0.312183453636997","0.008056640625","0.00830078125","0.0078125","1300","0.0001537323177370843","0","0.0001537323177370843","0.0001537323177370843","","","true"
"50","224.7995865589933","110.64437002969915","4.7840467165903355","-0.31049210238863767","0.02001953125","0.0205078125","0.01953125","1300","0.00024311585943110353","0","0.00024311585943110353","0.00024311585943110353","50_49:0.006037767882692446;50_51:0.006261604839096241","50_49:660;50_51:660","true"
"51","260.22779297086674","211.78224973930205","4.9311975479171535","-0.3079514036835037","0.03662109375","0.03173828125","0.04150390625","1300","0.00031156795120728905","0","0.00031156795120728905","0.00031156795120728905","","","true"
"52","211.77483921822142","175.1066153637605","4.915252694992473","-0.30801090653647334","0.008056640625","0.00830078125","0.0078125","1300","0.00031738337889607843","0","0.00031738337889607843","0.00031738337889607843","52_37:0.004865024190815664;52_56:0.0051028455203481204","52_37:660;52_56:660","true"
"53","222.52933141683698","270.4138158910134","4.996659206218947","-0.30683792833129964","0.0146484375","0.00634765625","0.02294921875","1300","0.0002246222912636695","0","0.0002246222912636695","0.0002246222912636695","53_60:0.0042275118666593725","53_60:660","true"
"54","126.42233278202484","108.45062742099462","4.9695673058318555","-0.3069935236147513","0.013916015625","0.0126953125","0.01513671875","1300","0.00036059724937497243","0","0.00036059724937497243","0.00036059724937497243","54_64:0.00638254270094038;54_45:0.03225018419673456","54_64:660;54_45:660","true"
"55","247.6433058188342","131.58041936988815","4.837202802333172","-0.31038048092010345","0.140380859375","0.01123046875","0.26953125","1300","0.00033122399984698104","0","0.00033122399984698104","0.00033122399984698104","55_68:0.005518348779342069;55_49:0.006557274056677109","55_68:660;55_49:660","true"
"56","254.54849617117603","150.9388350305817","4.814523237647424","-0.30974571553277236","0.019287109375","0.015625","0.02294921875","1300","0.00018034494696280573","0","0.00018034494696280573","0.00018034494696280573","56_57:0.004576267534634165","56_57:660","true"
"57","202.86452612628415","143.69971155153362","4.927646187364854","-0.30778611849622645","0.011474609375","0.0087890625","0.01416015625","1300","0.00017925306595811024","0","0.00017925306595811024","0.00017925306595811024","57_58:0.0041822197485681945","57_58:660","true"
"58","297.44706965356767","170.33088200827498","4.886978519388016","-0.30930018015034827","0.01318359375","0.0087890625","0.017578125","1300","0.00010065726293552121","0","0.00010065726293552121","0.00010065726293552121","58_71:0.005554370623442384;58_59:0.003979795740380709","58_71:660;58_59:660","true"
"59","243.17553130425216","47.39456690003139","4.971223510857128","-0.30762691104199297","0.020263671875","0.01904296875","0.021484375","1300","0.0003950024889681211","0","0.0003950024889681211","0.0003950024889681211","59_60:0.006769855209207198","59_60:660","true"
"60","262.42236374759324","123.35768457979101","4.766269208962789","-0.31054248475500074","0.025390625","0.02880859375","0.02197265625","1300","0.0002627370099878681","0","0.0002627370099878681","0.0002627370099878681","60_61:0.009860501635253982","60_61:660","true"
"61","234.61941746150853","179.98869139111602","4.793800310620606","-0.29056402780855567","0.01416015625","0.01708984375","0.01123046875","1300","0.0005670661300994581","0","0.0005670661300994581","0.0005670661300994581","","","true"
"62","205.83722747200136","222.07724762458525","4.935217514015829","-0.3079921198487331","0.016357421875","0.009765625","0.02294921875","1300","0.00028053097674119105","0","0.00028053097674119105","0.00028053097674119105","62_72:0.0068686327033214145;62_61:0.005801507250673965;62_63:0.007038531280527033","62_72:660;62_61:660;62_63:660","true"
"63","280.037803391358","245.32643088396497","5.041623757482674","-0.30694631371315323","0.020263671875","0.013671875","0.02685546875","1300","0.00016144134912852138","0","0.00016144134912852138","0.00016144134912852138","63_64:0.0033191399650527587","63_64:660","true"
"64","219.48517190288482","148.6196475938423","4.821567431938855","-0.30967161679000116","0.009521484375","0.01171875","0.00732421875","1300","0.0001467206480960713","0","0.0001467206480960713","0.0001467206480960713","","","true"
"65","242.9894423068352","93.23859835520496","4.957159136162716","-0.3075262411046977","0.0146484375","0.0166015625","0.0126953125","1300","0.00037826218804721737","0","0.00037826218804721737","0.00037826218804721737","65_64:0.004991754035409635;65_66:0.006476775937000995","65_64:660;65_66:660","true"
"66","274.3728408513268","178.646556566196","4.8850025475818875","-0.3091067496263565","0.014404296875","0.01123046875","0.017578125","1300","0.00013315728104710826","0","0.00013315728104710826","0.00013315728104710826","","","true"
"67","283.7908772713277","174.28738250774492","5.113938786251948","-0.3058889857295697","0.075439453125","0.12255859375","0.0283203125","1300","0.00028155756824864436","0","0.00028155756824864436","0.00028155756824864436","67_68:0.006263676271621249;67_66:0.0052138041162679005","67_68:660;67_66:660","true"
"68","442.2478661460753","28.69545593476828","4.743740594080127","-0.31111458963233274","0.140625","0.18798828125","0.09326171875","1300","0.00014733486301821957","0","0.00014733486301821957","0.00014733486301821957","","","true"
"69","144.4172952035101","131.630141953408","5.117664374773649","-0.3044028997353383","0.0107421875","0.01171875","0.009765625","1300","0.0003939349603348324","0","0.0003939349603348324","0.0003939349603348324","69_68:0.006559704254024884;69_70:0.006841737975052387","69_68:660;69_70:660","true"
"70","159.820212002988","66.64296536583434","4.898856146630491","-0.3082399407301921","0.07666015625","0.0693359375","0.083984375","1300","0.00023599773648629805","0","0.00023599773648629805","0.00023599773648629805","","","true"
"71","303.11516102751426","321.13675403624313","4.7882752869258285","-0.3094663460422399","0.009765625","0.013671875","0.005859375","1300","0.000250449802455754","0","0.000250449802455754","0.000250449802455754","","","true"
"72","278.6342325560639","152.13960319452437","5.05918724902778","-0.2985458699744989","0.02734375","0.01416015625","0.04052734375","1300","0.00020498984484703785","0","0.00020498984484703785","0.00020498984484703785","","","true"
"73","182.5896397732522","198.32782840411565","4.979589710341891","-0.307607369486609","0.03271484375","0.01171875","0.0537109375","1300","0.0002075630251504925","0","0.0002075630251504925","0.0002075630251504925","73_66:0.005558535295483613","73_66:660","true"
"74","128.03581588892342","10.225679140596704","5.031395662236198","-0.3067427013413316","0.210693359375","0.208984375","0.21240234375","1300","0.0013573261917819103","0","0.0013573261917819103","0.0013573261917819103","74_70:0.02155131649002595;74_89:0.022030297801936966","74_70:660;74_89:660","true"
"75","260.3023819936466","52.421923051340855","5.0060157720013505","-0.30673349842246334","0.01220703125","0.013671875","0.0107421875","1300","0.0005617622055744095","0","0.0005617622055744095","0.0005617622055744095","75_90:0.0074184202204826966","75_90:660","true"
"76","344.0750479785336","64.43019876341286","4.837426996750225","-0.30948286299394656","0.02490234375","0.03076171875","0.01904296875","1300","0.00019058309961896962","0","0.00019058309961896962","0.00019058309961896962","76_75:0.010151172094548216","76_75:660","true"
"77","284.34160000912516","166.71692524769807","5.041922904298225","-0.30723078653018854","0.031494140625","0.01025390625","0.052734375","1300","0.00027099611606103504","0","0.00027099611606103504","0.00027099611606103504","77_76:0.004838867362745997;77_78:0.003550560460876734;77_71:0.006873670651943609","77_76:660;77_78:780;77_71:660","true"
"78","261.92650189249986","242.8063889081718","4.643399910630429","-0.31230747337772335","0.009765625","0.00927734375","0.01025390625","1300","0.00017542248408249601","0","0.00017542248408249601","0.00017542248408249601","","","true"
"79","261.26862607508696","132.79368604591758","4.863179464855785","-0.3092713261857367","0.021484375","0.01220703125","0.03076171875","1300","0.0002014325659550877","0","0.0002014325659550877","0.0002014325659550877","79_78:0.005942408779578162;79_80:0.004184628488144493","79_78:660;79_80:660","true"
"80","254.33298154945956","256.46102265629855","5.031453651658694","-0.3072198090686745","0.024169921875","0.02685546875","0.021484375","1300","0.0001831519577388484","0","0.0001831519577388484","0.0001831519577388484","80_81:0.004109024311047399","80_81:660","true"
"81","196.18969139539988","198.96935633437687","4.9304394102534195","-0.30841914125984865","0.04833984375","0.04833984375","0.04833984375","1300","0.00020763252598846962","0","0.00020763252598846962","0.00020763252598846962","81_82:0.004241580113129723;81_72:0.004902701829684691","81_82:660;81_72:660","true"
"82","221.8894587484177","227.2944566346206","4.893610485509354","-0.30897996872816896","0.017578125","0.01953125","0.015625","1300","0.00017811795441507184","0","0.00017811795441507184","0.00017811795441507184","82_83:0.0043252082570239825","82_83:660","true"
"83","276.1792028885292","52.029344075328325","4.790695127455617","-0.31061744032224003","0.016845703125","0.015625","0.01806640625","1300","0.00019783838679078073","0","0.00019783838679078073","0.00019783838679078073","83_92:0.005333100102363014","83_92:660","true"
"84","134.0794302338683","119.04377785200121","4.679686793678647","-0.31137294267603616","0.01611328125","0.01953125","0.0126953125","1300","0.00048598522183577314","0","0.00048598522183577314","0.00048598522183577314","84_83:0.00804195413949993","84_83:660","true"
"85","220.61207660252427","184.07443763973018","5.1047805600099565","-0.3061413803895981","0.01611328125","0.009765625","0.0224609375","1300","0.000290043111416026","0","0.000290043111416026","0.000290043111416026","85_73:0.004688913828471614;85_84:0.07696503489589321;85_86:0.007203493083024454","85_73:660;85_84:660;85_86:660","true"
"86","204.94043443520118","110.66204317603164","4.898811262766033","-0.3083187869423004","0.033935546875","0.02978515625","0.0380859375","1300","0.0003894430059539835","0","0.0003894430059539835","0.0003894430059539835","86_87:0.007810374153474242","86_87:660","true"
"87","176.72754857815298","112.49170922057976","4.992089993317558","-0.307423102897223","0.021240234375","0.01806640625","0.0244140625","1300","0.0006767161819732203","0","0.0006767161819732203","0.0006767161819732203","87_88:0.01726426088020941","87_88:660","true"
"88","109.76770700788944","15.393052809397995","5.09933175915388","-0.3058997453558384","0.081787109375","0.080078125","0.08349609375","1300","0.0008771640347081398","0","0.0008771640347081398","0.0008771640347081398","88_89:0.01854876421443033","88_89:660","true"
"89","154.42701459426397","14.60112886972823","4.9564601007172415","-0.3077261951848229","0.068603515625","0.02783203125","0.109375","1300","0.00046644416795654206","0","0.00046644416795654206","0.00046644416795654206","","","true"
"90","254.034050058645","44.35376113569208","4.905600953712443","-0.307867793738734","0.014892578125","0.015625","0.01416015625","1300","0.00018115300142628385","0","0.00018115300142628385","0.00018115300142628385","","","true"
"91","127.4934521776965","159.40137429656974","4.914590771805659","-0.30850221183732857","0.036865234375","0.04833984375","0.025390625","1300","0.005428887369508448","0","0.005428887369508448","0.005428887369508448","91_79:0.011222936081587004","91_79:660","true"
"92","247.89119657051737","99.64904661631756","4.912106295562986","-0.308588011384664","0.00830078125","0.01171875","0.0048828125","1300","0.00020124574094239637","0","0.00020124574094239637","0.00020124574094239637","92_102:0.006116676229672741","92_102:660","true"
"93","109.41352022017213","28.50727967893031","4.964094414813201","-0.3073815906362206","0.102294921875","0.06640625","0.13818359375","1300","0.0008922673956078467","0","0.0008922673956078467","0.0008922673956078467","93_106:0.016880096920564414;93_87:0.023567072978226244","93_106:660;93_87:740","true"
"94","217.60266572357494","148.45834172145547","4.975870457068487","-0.3076458715160733","0.015869140625","0.0078125","0.02392578125","1300","0.000633503143992929","0","0.000633503143992929","0.000633503143992929","94_95:0.00978644368707654;94_90:0.007773367433227624","94_95:660;94_90:660","true"
"95","184.48697106742156","127.58093887403504","4.838894819548012","-0.3098764431196092","0.012451171875","0.01708984375","0.0078125","1300","0.0004328965010081914","0","0.0004328965010081914","0.0004328965010081914","95_96:0.008323241911982249","95_96:660","true"
"96","180.5713054207702","46.390367784994616","4.747922771778982","-0.3109191907797597","0.042236328125","0.046875","0.03759765625","1300","0.00027024152336378905","0","0.00027024152336378905","0.00027024152336378905","","","true"
"97","279.0782089739065","121.41859131411219","4.8161584748682085","-0.3095561501235201","0.0166015625","0.01513671875","0.01806640625","1300","0.00026207306811123213","0","0.00026207306811123213","0.00026207306811123213","97_96:0.008724200475273447;97_98:0.00700323334839667","97_96:660;97_98:660","true"
"98","210.13704804486136","116.0068949505113","4.942892762664871","-0.308363471215884","0.014404296875","0.01806640625","0.0107421875","1300","0.00039825424611823426","0","0.00039825424611823426","0.00039825424611823426","98_91:0.032165643707430414","98_91:660","true"
"99","174.40848740588777","158.06396389279536","5.060117158982488","-0.30553728570536653","0.00927734375","0.0078125","0.0107421875","1300","0.00030112350727057546","0","0.00030112350727057546","0.00030112350727057546","99_98:0.0071957515876789335","99_98:660","true"
"100","81.17289387413378","85.2554553672165","4.905358328305156","-0.3084392241160231","0.00927734375","0.00927734375","0.00927734375","1300","0.00019548647675675555","0","0.00019548647675675555","0.00019548647675675555","100_110:0.00846485439305067;100_99:0.019256462917885325","100_110:660;100_99:660","true"
"101","197.37044151531737","212.96517843689054","5.065363898957977","-0.3063331480679172","0.019775390625","0.009765625","0.02978515625","1300","0.0008742499163250738","0","0.0008742499163250738","0.0008742499163250738","101_100:0.03459213824640581;101_102:0.03320769464448775","101_100:660;101_102:660","true"
"102","154.71475400001097","228.5034301403176","4.809691498805208","-0.30996470519230634","0.04443359375","0.04345703125","0.04541015625","1300","0.0002328743026456671","0","0.0002328743026456671","0.0002328743026456671","102_103:0.005367950117860093","102_103:660","true"
"103","153.3783529412744","81.03333760705831","4.9334528950189585","-0.30764620230723944","0.00830078125","0.00830078125","0.00830078125","1300","0.0002388483626623002","0","0.0002388483626623002","0.0002388483626623002","","","true"
"104","219.87585864861492","123.87278613981964","4.765563477979688","-0.31046094866074025","0.01025390625","0.01171875","0.0087890625","1300","0.000261838549869649","0","0.000261838549869649","0.000261838549869649","104_103:0.006836775204173889","104_103:660","true"
"105","97.91910108059155","41.46409016667041","4.982051677173173","-0.30759736332542964","0.013427734375","0.0185546875","0.00830078125","1300","0.0008421951307306958","0","0.0008421951307306958","0.0008421951307306958","105_104:0.013044890589857167;105_106:0.016117780879113808","105_104:660;105_106:660","true"
"106","220.8155748520183","14.495307598145708","4.878149711023905","-0.309312950580174","0.071044921875","0.0595703125","0.08251953125","1300","0.0004028309046106954","0","0.0004028309046106954","0.0004028309046106954","","","true"
"107","242.27676085727683","34.28244594978441","4.916005928184679","-0.3080022405881546","0.022216796875","0.01611328125","0.0283203125","1300","0.00034744138865282133","0","0.00034744138865282133","0.00034744138865282133","107_106:0.010971109722312467","107_106:660","true"
"108","177.0564103687998","21.81855422713241","5.056163924512142","-0.3060067460745893","0.0107421875","0.01220703125","0.00927734375","1300","0.0004515286351855991","0","0.0004515286351855991","0.0004515286351855991","108_112:0.013855411415658464;108_107:0.012839134106867572","108_112:660;108_107:660","true"
"109","124.09473396747077","147.9621935072864","4.98496662915122","-0.3071158019842663","0.043212890625","0.03173828125","0.0546875","1300","0.0005310631480349009","0","0.0005310631480349009","0.0005310631480349009","109_96:0.008036492335550233","109_96:660","true"
"110","131.36665700598283","160.89163196004895","4.83016547307174","-0.3090472310608016","0.01123046875","0.00634765625","0.01611328125","1300","0.0002338984010109805","0","0.0002338984010109805","0.0002338984010109805","110_118:0.005966881784564448","110_118:660","true"
"111","2.3949464031215744","7.309610506219946","4.853160411620677","-0.30961255187582126","0.0126953125","0.01611328125","0.00927734375","1300","0.001288797369999544","0","0.001288797369999544","0.001288797369999544","111_104:0.02578363760391461","111_104:660","true"
"112","184.20807771823812","21.604754776356508","5.002418528732992","-0.3061965297474003","0.032958984375","0.0078125","0.05810546875","1300","0.0003040602104570804","0","0.0003040602104570804","0.0003040602104570804","112_126:0.011754775371318749","112_126:660","true"
"113","216.36480146825377","209.18653890304216","5.031996928471771","-0.30676917589658537","0.0126953125","0.0107421875","0.0146484375","1300","0.0005659455651064836","0","0.0005659455651064836","0.0005659455651064836","113_114:0.010002413600562893","113_114:660","true"
"114","194.8408555120315","35.572090979734384","4.822458913140341","-0.30937991952553456","0.044677734375","0.0302734375","0.05908203125","1300","0.0003758551408070661","0","0.0003758551408070661","0.0003758551408070661","114_109:0.009954497164394449;114_115:0.00873590616733419","114_109:660;114_115:660","true"
"115","165.82973291477538","99.85414795438145","5.028032883813069","-0.3068193442669031","0.0419921875","0.072265625","0.01171875","1300","0.0011105699789428266","0","0.0011105699789428266","0.0011105699789428266","","","true"
"116","204.54172826143107","237.21626634088759","4.912739698767887","-0.3082983947671616","0.015869140625","0.01416015625","0.017578125","1300","0.0001870970182573088","0","0.0001870970182573088","0.0001870970182573088","116_115:0.006362852317840034;116_117:0.006924204917853449","116_115:660;116_117:660","true"
"117","193.12425759459424","204.44652208074723","4.83312218630532","-0.3092141826105853","0.024169921875","0.03076171875","0.017578125","1300","0.0007897386898487906","0","0.0007897386898487906","0.0007897386898487906","117_118:0.007056208318264451","117_118:660","true"
"118","224.35846250033845","182.57943880829166","4.732965327895802","-0.3103162291505652","0.00830078125","0.01025390625","0.00634765625","1300","0.00018116381420783969","0","0.00018116381420783969","0.00018116381420783969","118_119:0.0055345196062266955","118_119:660","true"
"119","149.37887932721594","96.76100957725174","4.802538189155014","-0.28980565670333075","0.02685546875","0.02734375","0.0263671875","1300","0.0002717384357955039","0","0.0002717384357955039","0.0002717384357955039","","","true"
"120","182.53052385399153","172.72933952252637","4.83661811653461","-0.3088294992030973","0.014404296875","0.01611328125","0.0126953125","1300","0.00021930956834804975","0","0.00021930956834804975","0.00021930956834804975","120_119:0.008149134162033195","120_119:660","true"
"121","122.06843341389224","79.45115244319192","4.967918982124156","-0.30831927501521805","0.02001953125","0.02099609375","0.01904296875","1300","0.0005379801462313082","0","0.0005379801462313082","0.0005379801462313082","121_120:0.007382887485760881","121_120:660","true"
"122","230.60565114022234","195.2780541063323","4.937579038139827","-0.307131343243749","0.01611328125","0.01806640625","0.01416015625","1300","0.00034108829294140185","0","0.00034108829294140185","0.00034108829294140185","122_121:0.011837989529358994;122_123:0.007028452793315654;122_111:0.025042843991901487","122_121:660;122_123:660;122_111:660","true"
"123","188.24004222077846","92.63934132440582","5.034317743226706","-0.3063945650809262","0.0166015625","0.021484375","0.01171875","1300","0.00023275410475012085","0","0.00023275410475012085","0.00023275410475012085","","","true"
"124","222.0739069507917","214.79099277603495","4.949170256148355","-0.30728609162938675","0.013916015625","0.01708984375","0.0107421875","1300","0.00025264558392821943","0","0.00025264558392821943","0.00025264558392821943","124_123:0.006077304591417115","124_123:660","true"
"125","267.0632013424598","96.69884027401275","4.859121956280959","-0.3081939603922578","0.01171875","0.00830078125","0.01513671875","1300","0.00027621176730582267","0","0.00027621176730582267","0.00027621176730582267","125_124:0.01152848453532651;125_126:0.008835703245225146","125_124:660;125_126:660","true"
"126","174.43961075734333","16.579613683942377","4.908226717028259","-0.30857572639301106","0.0244140625","0.0166015625","0.0322265625","1300","0.0004415055821822781","0","0.0004415055821822781","0.0004415055821822781","","","true"